date,channel,purchases,sessions,add_to_cart,checkout
2023-01-01,Marketplace,8,191,52,24
2023-01-01,Mobile App,14,313,75,43
2023-01-01,Retail Store,2,51,11,5
2023-01-01,Web,16,426,98,57
2023-01-02,Marketplace,5,98,26,16
2023-01-02,Mobile App,9,170,33,17
2023-01-02,Retail Store,1,26,5,3
2023-01-02,Web,14,366,82,45
2023-01-03,Marketplace,9,192,36,21
2023-01-03,Mobile App,11,224,59,32
2023-01-03,Retail Store,2,36,8,4
2023-01-03,Web,17,396,79,42
2023-01-04,Marketplace,8,194,44,22
2023-01-04,Mobile App,3,71,13,7
2023-01-04,Web,11,247,49,31
2023-01-05,Marketplace,8,151,27,14
2023-01-05,Mobile App,15,349,64,36
2023-01-05,Retail Store,3,64,14,6
2023-01-05,Web,17,426,110,61
2023-01-06,Marketplace,7,195,40,20
2023-01-06,Mobile App,12,288,72,46
2023-01-06,Retail Store,2,46,9,5
2023-01-06,Web,7,147,37,21
2023-01-07,Marketplace,4,78,20,11
2023-01-07,Mobile App,14,276,51,28
2023-01-07,Web,12,230,59,27
2023-01-08,Marketplace,9,219,57,25
2023-01-08,Mobile App,8,215,57,32
2023-01-08,Retail Store,1,20,3,1
2023-01-08,Web,18,381,100,49
2023-01-09,Marketplace,7,182,37,22
2023-01-09,Mobile App,11,293,69,32
2023-01-09,Retail Store,1,23,4,2
2023-01-09,Web,18,410,103,57
2023-01-10,Marketplace,6,115,23,11
2023-01-10,Mobile App,10,261,51,32
2023-01-10,Retail Store,1,20,4,2
2023-01-10,Web,13,307,60,38
2023-01-11,Marketplace,11,280,50,25
2023-01-11,Mobile App,7,181,41,23
2023-01-11,Retail Store,3,68,17,10
2023-01-11,Web,14,282,70,38
2023-01-12,Marketplace,9,184,38,23
2023-01-12,Mobile App,13,259,53,27
2023-01-12,Retail Store,2,46,11,6
2023-01-12,Web,15,344,88,50
2023-01-13,Marketplace,7,179,47,27
2023-01-13,Mobile App,12,261,55,30
2023-01-13,Retail Store,3,71,15,9
2023-01-13,Web,17,362,71,42
2023-01-14,Marketplace,7,153,41,23
2023-01-14,Mobile App,7,166,38,17
2023-01-14,Retail Store,1,25,5,2
2023-01-14,Web,15,364,87,42
2023-01-15,Marketplace,6,145,36,16
2023-01-15,Mobile App,7,188,48,29
2023-01-15,Retail Store,2,36,9,4
2023-01-15,Web,13,236,44,28
2023-01-16,Marketplace,10,249,68,40
2023-01-16,Mobile App,10,201,38,17
2023-01-16,Retail Store,3,78,16,7
2023-01-16,Web,16,397,80,48
2023-01-17,Marketplace,10,229,48,26
2023-01-17,Mobile App,11,243,46,21
2023-01-17,Web,21,424,77,40
2023-01-18,Marketplace,5,109,26,15
2023-01-18,Mobile App,10,200,40,21
2023-01-18,Retail Store,5,108,20,11
2023-01-18,Web,20,414,102,49
2023-01-19,Marketplace,9,249,47,24
2023-01-19,Mobile App,10,242,64,31
2023-01-19,Retail Store,3,74,20,10
2023-01-19,Web,12,225,51,25
2023-01-20,Marketplace,8,193,35,21
2023-01-20,Mobile App,11,265,65,29
2023-01-20,Web,18,388,105,67
2023-01-21,Marketplace,4,98,17,8
2023-01-21,Mobile App,10,183,40,23
2023-01-21,Retail Store,1,26,4,2
2023-01-21,Web,11,233,42,25
2023-01-22,Marketplace,9,194,53,33
2023-01-22,Mobile App,11,270,66,37
2023-01-22,Web,20,428,78,39
2023-01-23,Marketplace,7,159,30,15
2023-01-23,Mobile App,8,221,44,23
2023-01-23,Web,15,322,72,38
2023-01-24,Marketplace,10,222,45,27
2023-01-24,Mobile App,12,232,49,30
2023-01-24,Web,11,302,64,36
2023-01-25,Marketplace,4,99,26,13
2023-01-25,Mobile App,15,336,78,43
2023-01-25,Web,14,329,68,40
2023-01-26,Marketplace,7,176,39,24
2023-01-26,Mobile App,9,195,47,24
2023-01-26,Retail Store,2,54,9,5
2023-01-26,Web,22,417,93,53
2023-01-27,Marketplace,9,234,43,26
2023-01-27,Mobile App,15,312,70,43
2023-01-27,Retail Store,3,54,13,6
2023-01-27,Web,7,181,50,28
2023-01-28,Marketplace,8,151,40,19
2023-01-28,Mobile App,8,176,38,22
2023-01-28,Retail Store,4,108,19,9
2023-01-28,Web,13,333,87,43
2023-01-29,Marketplace,7,159,32,16
2023-01-29,Mobile App,11,237,56,36
2023-01-29,Retail Store,2,40,8,4
2023-01-29,Web,11,202,46,23
2023-01-30,Marketplace,3,65,13,7
2023-01-30,Mobile App,8,183,48,28
2023-01-30,Retail Store,1,20,5,2
2023-01-30,Web,19,400,111,58
2023-01-31,Marketplace,7,168,40,20
2023-01-31,Mobile App,7,157,29,15
2023-01-31,Retail Store,3,82,16,7
2023-01-31,Web,18,341,74,37
2023-02-01,Marketplace,9,209,52,28
2023-02-01,Mobile App,9,204,39,19
2023-02-01,Retail Store,1,25,5,3
2023-02-01,Web,12,326,69,32
2023-02-02,Marketplace,7,149,41,24
2023-02-02,Mobile App,8,208,50,29
2023-02-02,Retail Store,3,80,16,10
2023-02-02,Web,19,447,92,49
2023-02-03,Marketplace,7,180,49,24
2023-02-03,Mobile App,4,75,18,10
2023-02-03,Retail Store,1,26,6,3
2023-02-03,Web,7,193,37,16
2023-02-04,Marketplace,7,184,37,19
2023-02-04,Mobile App,8,153,28,12
2023-02-04,Retail Store,2,36,7,3
2023-02-04,Web,12,257,47,27
2023-02-05,Marketplace,2,41,11,6
2023-02-05,Mobile App,9,213,39,23
2023-02-05,Retail Store,2,36,7,4
2023-02-05,Web,16,373,82,37
2023-02-06,Marketplace,10,270,63,37
2023-02-06,Mobile App,11,254,47,23
2023-02-06,Web,10,184,40,24
2023-02-07,Marketplace,4,91,21,12
2023-02-07,Mobile App,6,148,30,14
2023-02-07,Retail Store,3,63,17,10
2023-02-07,Web,17,462,109,50
2023-02-08,Marketplace,8,220,45,28
2023-02-08,Mobile App,9,225,49,29
2023-02-08,Web,14,329,92,50
2023-02-09,Marketplace,9,196,50,29
2023-02-09,Mobile App,15,343,70,42
2023-02-09,Retail Store,1,21,5,2
2023-02-09,Web,15,357,82,37
2023-02-10,Marketplace,10,201,40,23
2023-02-10,Mobile App,13,249,47,30
2023-02-10,Retail Store,1,27,6,2
2023-02-10,Web,14,288,77,40
2023-02-11,Marketplace,11,262,49,24
2023-02-11,Mobile App,5,125,24,12
2023-02-11,Retail Store,3,71,15,8
2023-02-11,Web,11,276,59,35
2023-02-12,Marketplace,6,123,33,17
2023-02-12,Mobile App,8,215,42,22
2023-02-12,Retail Store,2,43,8,4
2023-02-12,Web,16,378,100,64
2023-02-13,Marketplace,9,177,44,25
2023-02-13,Mobile App,8,176,35,18
2023-02-13,Retail Store,1,24,4,2
2023-02-13,Web,21,503,105,67
2023-02-14,Marketplace,9,201,41,19
2023-02-14,Mobile App,10,193,43,26
2023-02-14,Web,15,300,83,52
2023-02-15,Marketplace,8,219,50,31
2023-02-15,Mobile App,10,259,68,42
2023-02-15,Web,14,311,61,38
2023-02-16,Marketplace,6,162,36,17
2023-02-16,Mobile App,9,179,35,18
2023-02-16,Retail Store,1,18,4,2
2023-02-16,Web,17,475,114,55
2023-02-17,Marketplace,9,209,38,19
2023-02-17,Mobile App,9,247,65,32
2023-02-17,Retail Store,2,46,10,5
2023-02-17,Web,12,274,71,41
2023-02-18,Marketplace,8,201,41,26
2023-02-18,Mobile App,9,205,38,18
2023-02-18,Retail Store,2,45,8,3
2023-02-18,Web,20,469,92,48
2023-02-19,Marketplace,4,80,21,9
2023-02-19,Mobile App,5,111,21,10
2023-02-19,Retail Store,2,50,11,5
2023-02-19,Web,21,477,105,55
2023-02-20,Marketplace,14,343,93,43
2023-02-20,Mobile App,11,305,66,32
2023-02-20,Retail Store,1,24,4,2
2023-02-20,Web,10,229,59,37
2023-02-21,Marketplace,7,189,37,21
2023-02-21,Mobile App,11,286,58,27
2023-02-21,Retail Store,1,22,5,2
2023-02-21,Web,20,500,95,54
2023-02-22,Marketplace,5,115,22,14
2023-02-22,Mobile App,9,217,56,35
2023-02-22,Web,14,340,73,46
2023-02-23,Marketplace,3,69,12,7
2023-02-23,Mobile App,12,267,73,37
2023-02-23,Retail Store,2,42,11,5
2023-02-23,Web,11,230,57,31
2023-02-24,Marketplace,9,244,57,32
2023-02-24,Mobile App,16,342,63,38
2023-02-24,Web,11,257,54,27
2023-02-25,Marketplace,15,271,54,33
2023-02-25,Mobile App,13,341,64,39
2023-02-25,Retail Store,1,27,6,3
2023-02-25,Web,10,211,58,27
2023-02-26,Marketplace,4,101,21,12
2023-02-26,Mobile App,8,209,44,28
2023-02-26,Retail Store,2,52,12,7
2023-02-26,Web,20,518,101,50
2023-02-27,Marketplace,5,109,27,14
2023-02-27,Mobile App,11,222,52,24
2023-02-27,Retail Store,1,23,6,3
2023-02-27,Web,10,266,66,40
2023-02-28,Marketplace,5,115,26,15
2023-02-28,Mobile App,7,191,34,16
2023-02-28,Retail Store,2,38,9,5
2023-02-28,Web,17,356,82,47
2023-03-01,Marketplace,2,53,9,5
2023-03-01,Mobile App,10,277,57,27
2023-03-01,Retail Store,1,24,5,2
2023-03-01,Web,21,492,123,55
2023-03-02,Marketplace,8,183,46,26
2023-03-02,Mobile App,9,170,45,29
2023-03-02,Retail Store,1,25,4,2
2023-03-02,Web,17,319,75,40
2023-03-03,Marketplace,4,83,21,9
2023-03-03,Mobile App,7,128,33,15
2023-03-03,Retail Store,2,55,13,6
2023-03-03,Web,11,255,70,31
2023-03-04,Marketplace,2,50,13,6
2023-03-04,Mobile App,13,283,60,36
2023-03-04,Retail Store,1,22,5,2
2023-03-04,Web,5,138,27,16
2023-03-05,Marketplace,8,209,50,28
2023-03-05,Mobile App,6,117,23,11
2023-03-05,Retail Store,2,39,8,4
2023-03-05,Web,20,509,120,65
2023-03-06,Marketplace,5,91,25,13
2023-03-06,Mobile App,12,260,50,23
2023-03-06,Retail Store,2,51,11,5
2023-03-06,Web,21,392,103,62
2023-03-07,Marketplace,7,151,40,25
2023-03-07,Mobile App,12,328,65,34
2023-03-07,Retail Store,1,19,3,1
2023-03-07,Web,21,426,77,47
2023-03-08,Marketplace,8,154,41,19
2023-03-08,Mobile App,7,135,29,14
2023-03-08,Web,12,238,61,36
2023-03-09,Marketplace,7,191,35,15
2023-03-09,Mobile App,9,224,43,24
2023-03-09,Retail Store,2,52,10,5
2023-03-09,Web,16,291,76,37
2023-03-10,Marketplace,7,136,24,13
2023-03-10,Mobile App,4,106,26,16
2023-03-10,Web,12,240,52,28
2023-03-11,Marketplace,10,188,47,30
2023-03-11,Mobile App,11,233,62,39
2023-03-11,Web,12,258,68,33
2023-03-12,Marketplace,6,144,31,16
2023-03-12,Mobile App,7,156,33,17
2023-03-12,Retail Store,3,61,12,5
2023-03-12,Web,16,364,86,41
2023-03-13,Marketplace,4,90,18,10
2023-03-13,Mobile App,11,235,64,37
2023-03-13,Web,12,303,80,45
2023-03-14,Marketplace,5,107,21,11
2023-03-14,Mobile App,13,289,54,33
2023-03-14,Web,11,227,60,37
2023-03-15,Marketplace,13,294,58,33
2023-03-15,Mobile App,11,234,57,28
2023-03-15,Retail Store,1,22,4,2
2023-03-15,Web,13,282,63,37
2023-03-16,Marketplace,6,141,33,15
2023-03-16,Mobile App,13,348,92,41
2023-03-16,Retail Store,2,51,12,7
2023-03-16,Web,14,345,63,39
2023-03-17,Marketplace,5,123,26,12
2023-03-17,Mobile App,8,175,39,18
2023-03-17,Retail Store,2,55,10,5
2023-03-17,Web,14,297,66,42
2023-03-18,Marketplace,4,75,18,11
2023-03-18,Mobile App,3,78,14,6
2023-03-18,Retail Store,2,50,10,4
2023-03-18,Web,18,337,83,47
2023-03-19,Marketplace,10,234,45,23
2023-03-19,Mobile App,10,182,36,17
2023-03-19,Retail Store,2,52,11,5
2023-03-19,Web,13,252,51,24
2023-03-20,Marketplace,10,202,39,18
2023-03-20,Mobile App,7,174,37,22
2023-03-20,Retail Store,1,25,6,3
2023-03-20,Web,17,360,87,41
2023-03-21,Marketplace,8,193,41,23
2023-03-21,Mobile App,15,274,60,35
2023-03-21,Retail Store,2,55,10,4
2023-03-21,Web,13,268,66,37
2023-03-22,Marketplace,8,209,55,24
2023-03-22,Mobile App,8,165,46,24
2023-03-22,Retail Store,2,39,7,4
2023-03-22,Web,15,293,77,47
2023-03-23,Marketplace,6,167,44,25
2023-03-23,Mobile App,12,235,56,35
2023-03-23,Retail Store,1,23,5,2
2023-03-23,Web,31,725,137,72
2023-03-24,Marketplace,10,236,46,23
2023-03-24,Mobile App,13,307,82,46
2023-03-24,Retail Store,3,77,17,7
2023-03-24,Web,21,391,92,50
2023-03-25,Marketplace,6,140,29,14
2023-03-25,Mobile App,14,314,71,35
2023-03-25,Retail Store,3,58,16,8
2023-03-25,Web,6,164,35,16
2023-03-26,Marketplace,9,178,35,18
2023-03-26,Mobile App,10,242,45,25
2023-03-26,Retail Store,5,109,28,16
2023-03-26,Web,10,254,56,29
2023-03-27,Marketplace,7,189,35,18
2023-03-27,Mobile App,11,211,39,24
2023-03-27,Retail Store,1,26,5,2
2023-03-27,Web,18,386,99,61
2023-03-28,Marketplace,8,154,31,16
2023-03-28,Mobile App,16,382,77,39
2023-03-28,Web,14,376,82,49
2023-03-29,Marketplace,3,70,17,10
2023-03-29,Mobile App,9,221,51,32
2023-03-29,Retail Store,1,21,5,2
2023-03-29,Web,13,234,59,35
2023-03-30,Marketplace,8,148,35,20
2023-03-30,Mobile App,10,240,45,22
2023-03-30,Retail Store,1,26,6,3
2023-03-30,Web,14,385,81,36
2023-03-31,Marketplace,6,140,26,12
2023-03-31,Mobile App,9,168,30,19
2023-03-31,Retail Store,2,37,7,4
2023-03-31,Web,9,198,52,23
2023-04-01,Marketplace,2,47,9,5
2023-04-01,Mobile App,13,266,59,28
2023-04-01,Retail Store,4,89,16,8
2023-04-01,Web,14,377,68,35
2023-04-02,Marketplace,2,51,10,6
2023-04-02,Mobile App,11,302,60,33
2023-04-02,Retail Store,1,25,6,3
2023-04-02,Web,18,329,82,48
2023-04-03,Marketplace,8,175,40,25
2023-04-03,Mobile App,8,178,33,18
2023-04-03,Retail Store,3,66,17,9
2023-04-03,Web,24,484,117,75
2023-04-04,Marketplace,10,236,53,26
2023-04-04,Mobile App,12,228,45,29
2023-04-04,Retail Store,1,25,4,2
2023-04-04,Web,20,407,101,50
2023-04-05,Marketplace,4,78,15,7
2023-04-05,Mobile App,6,133,24,14
2023-04-05,Retail Store,2,37,10,5
2023-04-05,Web,17,410,90,48
2023-04-06,Marketplace,9,222,60,27
2023-04-06,Mobile App,7,144,36,23
2023-04-06,Retail Store,2,36,9,5
2023-04-06,Web,16,326,63,35
2023-04-07,Marketplace,4,99,23,12
2023-04-07,Mobile App,4,79,18,9
2023-04-07,Retail Store,3,55,10,5
2023-04-07,Web,12,310,55,27
2023-04-08,Marketplace,4,87,19,11
2023-04-08,Mobile App,8,197,51,31
2023-04-08,Web,10,268,74,36
2023-04-09,Marketplace,6,131,34,17
2023-04-09,Mobile App,15,330,78,40
2023-04-09,Retail Store,2,54,15,9
2023-04-09,Web,21,507,129,75
2023-04-10,Marketplace,10,190,37,20
2023-04-10,Mobile App,6,148,41,21
2023-04-10,Retail Store,3,58,15,7
2023-04-10,Web,13,275,74,44
2023-04-11,Marketplace,8,161,40,23
2023-04-11,Mobile App,10,261,68,34
2023-04-11,Retail Store,1,24,6,3
2023-04-11,Web,12,301,56,31
2023-04-12,Marketplace,5,95,26,16
2023-04-12,Mobile App,6,148,35,22
2023-04-12,Retail Store,5,105,25,14
2023-04-12,Web,24,624,125,78
2023-04-13,Marketplace,10,205,45,24
2023-04-13,Mobile App,4,111,29,17
2023-04-13,Web,14,302,63,38
2023-04-14,Marketplace,4,81,17,10
2023-04-14,Mobile App,11,233,54,25
2023-04-14,Retail Store,3,81,16,9
2023-04-14,Web,14,389,93,42
2023-04-15,Marketplace,6,152,42,21
2023-04-15,Mobile App,9,239,54,26
2023-04-15,Retail Store,1,18,4,2
2023-04-15,Web,14,358,94,53
2023-04-16,Marketplace,8,167,38,19
2023-04-16,Mobile App,6,119,28,15
2023-04-16,Retail Store,2,42,8,4
2023-04-16,Web,15,363,81,38
2023-04-17,Marketplace,7,148,35,21
2023-04-17,Mobile App,11,296,60,33
2023-04-17,Retail Store,4,84,22,10
2023-04-17,Web,15,383,97,58
2023-04-18,Marketplace,4,111,29,17
2023-04-18,Mobile App,11,294,56,29
2023-04-18,Retail Store,2,47,10,5
2023-04-18,Web,8,217,45,25
2023-04-19,Marketplace,8,207,40,18
2023-04-19,Mobile App,8,150,41,20
2023-04-19,Retail Store,1,27,5,2
2023-04-19,Web,16,288,63,34
2023-04-20,Marketplace,8,146,38,17
2023-04-20,Mobile App,12,304,84,39
2023-04-20,Retail Store,2,49,9,4
2023-04-20,Web,5,137,29,14
2023-04-21,Marketplace,8,168,32,14
2023-04-21,Mobile App,8,201,55,31
2023-04-21,Retail Store,4,77,19,11
2023-04-21,Web,13,266,47,28
2023-04-22,Marketplace,3,61,13,6
2023-04-22,Mobile App,11,300,56,26
2023-04-22,Retail Store,3,77,19,9
2023-04-22,Web,15,399,73,44
2023-04-23,Marketplace,5,109,21,11
2023-04-23,Mobile App,13,329,62,33
2023-04-23,Retail Store,2,55,12,7
2023-04-23,Web,19,415,104,58
2023-04-24,Marketplace,14,268,57,27
2023-04-24,Mobile App,7,193,37,23
2023-04-24,Retail Store,3,70,13,6
2023-04-24,Web,10,249,48,23
2023-04-25,Marketplace,13,269,54,33
2023-04-25,Mobile App,13,338,64,38
2023-04-25,Retail Store,2,54,14,7
2023-04-25,Web,24,579,111,65
2023-04-26,Marketplace,8,208,58,33
2023-04-26,Mobile App,7,179,42,19
2023-04-26,Retail Store,3,82,19,10
2023-04-26,Web,22,408,85,45
2023-04-27,Marketplace,6,115,24,13
2023-04-27,Mobile App,13,298,80,46
2023-04-27,Web,20,509,95,45
2023-04-28,Marketplace,5,104,25,13
2023-04-28,Mobile App,10,255,52,24
2023-04-28,Retail Store,3,55,15,8
2023-04-28,Web,25,520,142,78
2023-04-29,Marketplace,6,154,29,14
2023-04-29,Mobile App,15,349,72,39
2023-04-29,Retail Store,3,67,17,10
2023-04-29,Web,14,323,72,37
2023-04-30,Marketplace,11,242,62,31
2023-04-30,Mobile App,8,152,34,19
2023-04-30,Retail Store,3,61,14,6
2023-04-30,Web,18,410,89,50
2023-05-01,Marketplace,6,153,37,16
2023-05-01,Mobile App,16,316,65,38
2023-05-01,Retail Store,1,18,4,2
2023-05-01,Web,20,524,113,56
2023-05-02,Marketplace,2,45,11,6
2023-05-02,Mobile App,8,184,44,20
2023-05-02,Retail Store,2,55,10,4
2023-05-02,Web,27,510,107,57
2023-05-03,Mobile App,9,205,49,23
2023-05-03,Retail Store,1,21,5,3
2023-05-03,Web,13,344,92,59
2023-05-04,Marketplace,4,78,17,10
2023-05-04,Mobile App,7,192,37,22
2023-05-04,Retail Store,1,27,6,3
2023-05-04,Web,14,302,80,41
2023-05-05,Marketplace,6,113,23,14
2023-05-05,Mobile App,15,394,100,46
2023-05-05,Retail Store,2,39,9,5
2023-05-05,Web,18,474,121,65
2023-05-06,Marketplace,9,246,47,24
2023-05-06,Mobile App,12,275,68,42
2023-05-06,Retail Store,5,95,22,10
2023-05-06,Web,11,260,69,31
2023-05-07,Marketplace,7,155,30,17
2023-05-07,Mobile App,14,327,88,55
2023-05-07,Retail Store,2,46,12,7
2023-05-07,Web,16,402,83,50
2023-05-08,Marketplace,9,182,49,27
2023-05-08,Mobile App,6,159,42,23
2023-05-08,Retail Store,5,103,28,16
2023-05-08,Web,22,605,115,72
2023-05-09,Marketplace,7,162,35,16
2023-05-09,Mobile App,7,168,42,20
2023-05-09,Web,9,188,34,19
2023-05-10,Marketplace,5,115,26,16
2023-05-10,Mobile App,9,246,51,31
2023-05-10,Retail Store,5,98,22,13
2023-05-10,Web,14,323,86,44
2023-05-11,Marketplace,5,121,23,12
2023-05-11,Mobile App,8,179,35,19
2023-05-11,Retail Store,1,19,4,2
2023-05-11,Web,19,426,76,40
2023-05-12,Marketplace,9,229,41,23
2023-05-12,Mobile App,6,141,37,23
2023-05-12,Web,18,495,130,69
2023-05-13,Marketplace,7,195,51,23
2023-05-13,Mobile App,8,178,36,18
2023-05-13,Retail Store,2,51,13,7
2023-05-13,Web,15,396,109,68
2023-05-14,Marketplace,4,107,23,11
2023-05-14,Mobile App,12,228,50,22
2023-05-14,Retail Store,2,45,9,5
2023-05-14,Web,14,270,63,40
2023-05-15,Marketplace,6,137,34,21
2023-05-15,Mobile App,10,266,70,45
2023-05-15,Retail Store,1,22,5,3
2023-05-15,Web,11,277,50,30
2023-05-16,Marketplace,7,129,30,15
2023-05-16,Mobile App,10,181,48,30
2023-05-16,Retail Store,3,60,12,7
2023-05-16,Web,19,405,75,36
2023-05-17,Marketplace,9,231,44,27
2023-05-17,Mobile App,5,111,24,11
2023-05-17,Web,20,492,117,67
2023-05-18,Marketplace,4,76,18,8
2023-05-18,Mobile App,12,270,50,29
2023-05-18,Retail Store,2,36,8,5
2023-05-18,Web,7,148,36,19
2023-05-19,Marketplace,12,216,41,20
2023-05-19,Mobile App,18,331,64,36
2023-05-19,Retail Store,3,61,11,6
2023-05-19,Web,12,305,57,34
2023-05-20,Marketplace,5,111,25,12
2023-05-20,Mobile App,5,133,35,17
2023-05-20,Retail Store,3,56,15,9
2023-05-20,Web,13,329,70,37
2023-05-21,Marketplace,6,132,31,18
2023-05-21,Mobile App,8,178,35,20
2023-05-21,Retail Store,2,45,12,6
2023-05-21,Web,13,290,64,35
2023-05-22,Marketplace,5,130,33,15
2023-05-22,Mobile App,4,84,15,9
2023-05-22,Retail Store,2,41,7,3
2023-05-22,Web,14,357,96,55
2023-05-23,Marketplace,8,189,38,23
2023-05-23,Mobile App,13,318,84,39
2023-05-23,Retail Store,3,57,13,6
2023-05-23,Web,11,240,66,36
2023-05-24,Marketplace,13,349,89,44
2023-05-24,Mobile App,9,218,49,24
2023-05-24,Retail Store,1,22,4,1
2023-05-24,Web,11,292,65,37
2023-05-25,Marketplace,5,120,23,13
2023-05-25,Mobile App,15,414,91,56
2023-05-25,Retail Store,1,23,4,2
2023-05-25,Web,11,212,42,24
2023-05-26,Marketplace,8,178,33,17
2023-05-26,Mobile App,13,314,85,44
2023-05-26,Retail Store,4,111,25,15
2023-05-26,Web,6,125,23,14
2023-05-27,Marketplace,8,170,44,20
2023-05-27,Mobile App,14,357,98,56
2023-05-27,Retail Store,1,24,4,2
2023-05-27,Web,24,575,155,77
2023-05-28,Marketplace,10,211,56,32
2023-05-28,Mobile App,11,219,42,19
2023-05-28,Retail Store,1,18,3,1
2023-05-28,Web,20,445,82,52
2023-05-29,Marketplace,9,180,48,24
2023-05-29,Mobile App,12,309,77,44
2023-05-29,Web,8,161,41,19
2023-05-30,Marketplace,6,120,29,13
2023-05-30,Mobile App,3,73,20,9
2023-05-30,Retail Store,5,121,28,12
2023-05-30,Web,19,352,77,34
2023-05-31,Marketplace,8,210,52,24
2023-05-31,Mobile App,11,215,46,20
2023-05-31,Retail Store,2,38,7,3
2023-05-31,Web,14,300,70,42
2023-06-01,Marketplace,6,117,23,13
2023-06-01,Mobile App,10,244,65,31
2023-06-01,Retail Store,2,40,10,4
2023-06-01,Web,10,180,38,21
2023-06-02,Marketplace,6,152,38,22
2023-06-02,Mobile App,9,237,49,23
2023-06-02,Retail Store,3,78,18,10
2023-06-02,Web,11,202,38,17
2023-06-03,Marketplace,4,83,21,10
2023-06-03,Mobile App,8,221,55,26
2023-06-03,Retail Store,1,25,5,2
2023-06-03,Web,16,424,99,59
2023-06-04,Marketplace,7,147,30,16
2023-06-04,Mobile App,8,146,38,23
2023-06-04,Retail Store,2,36,9,5
2023-06-04,Web,13,346,64,36
2023-06-05,Marketplace,6,143,31,18
2023-06-05,Mobile App,8,209,57,25
2023-06-05,Retail Store,2,51,12,7
2023-06-05,Web,15,352,84,42
2023-06-06,Marketplace,4,100,24,14
2023-06-06,Mobile App,4,108,25,14
2023-06-06,Retail Store,3,80,15,7
2023-06-06,Web,7,128,30,18
2023-06-07,Marketplace,3,74,14,8
2023-06-07,Mobile App,11,306,57,31
2023-06-07,Retail Store,3,75,15,9
2023-06-07,Web,13,337,81,40
2023-06-08,Marketplace,7,135,28,15
2023-06-08,Mobile App,9,239,46,22
2023-06-08,Retail Store,5,103,23,13
2023-06-08,Web,12,263,51,32
2023-06-09,Marketplace,5,121,28,12
2023-06-09,Mobile App,5,102,18,9
2023-06-09,Retail Store,1,23,4,2
2023-06-09,Web,15,414,104,62
2023-06-10,Marketplace,6,139,27,16
2023-06-10,Mobile App,11,241,53,32
2023-06-10,Retail Store,1,27,6,3
2023-06-10,Web,13,325,83,51
2023-06-11,Marketplace,9,226,43,23
2023-06-11,Mobile App,10,205,44,24
2023-06-11,Retail Store,2,44,9,4
2023-06-11,Web,15,297,78,37
2023-06-12,Marketplace,9,203,37,23
2023-06-12,Mobile App,13,239,46,22
2023-06-12,Web,14,304,64,31
2023-06-13,Marketplace,6,138,25,12
2023-06-13,Mobile App,8,148,27,15
2023-06-13,Retail Store,2,41,9,4
2023-06-13,Web,14,321,79,46
2023-06-14,Marketplace,3,56,11,6
2023-06-14,Mobile App,9,220,45,24
2023-06-14,Retail Store,2,38,9,4
2023-06-14,Web,13,326,86,40
2023-06-15,Marketplace,5,90,20,9
2023-06-15,Mobile App,10,203,38,23
2023-06-15,Retail Store,1,21,4,2
2023-06-15,Web,12,225,49,29
2023-06-16,Marketplace,4,77,14,8
2023-06-16,Mobile App,9,193,48,25
2023-06-16,Retail Store,1,22,6,3
2023-06-16,Web,10,233,53,28
2023-06-17,Marketplace,6,162,39,17
2023-06-17,Mobile App,6,141,33,16
2023-06-17,Retail Store,1,24,4,2
2023-06-17,Web,13,333,81,36
2023-06-18,Marketplace,3,72,14,7
2023-06-18,Mobile App,7,184,48,26
2023-06-18,Retail Store,3,75,15,7
2023-06-18,Web,19,511,116,66
2023-06-19,Marketplace,3,76,16,8
2023-06-19,Mobile App,16,288,52,33
2023-06-19,Web,12,237,52,33
2023-06-20,Marketplace,6,158,43,23
2023-06-20,Mobile App,14,371,101,47
2023-06-20,Retail Store,1,22,4,2
2023-06-20,Web,15,305,56,32
2023-06-21,Marketplace,4,79,15,7
2023-06-21,Mobile App,7,190,41,25
2023-06-21,Web,14,342,80,42
2023-06-22,Marketplace,6,155,40,20
2023-06-22,Mobile App,5,125,31,17
2023-06-22,Retail Store,2,37,7,4
2023-06-22,Web,12,233,61,30
2023-06-23,Marketplace,9,239,64,38
2023-06-23,Mobile App,9,217,45,22
2023-06-23,Retail Store,1,18,4,2
2023-06-23,Web,12,287,74,39
2023-06-24,Marketplace,3,58,11,6
2023-06-24,Mobile App,6,166,39,18
2023-06-24,Retail Store,3,73,19,10
2023-06-24,Web,10,212,41,19
2023-06-25,Marketplace,8,169,37,18
2023-06-25,Mobile App,11,296,78,48
2023-06-25,Retail Store,1,24,4,2
2023-06-25,Web,16,384,105,61
2023-06-26,Marketplace,6,132,36,21
2023-06-26,Mobile App,11,259,56,33
2023-06-26,Retail Store,2,54,11,5
2023-06-26,Web,9,242,66,33
2023-06-27,Marketplace,10,199,52,25
2023-06-27,Mobile App,3,67,14,8
2023-06-27,Retail Store,1,22,4,2
2023-06-27,Web,17,426,83,45
2023-06-28,Marketplace,7,127,28,17
2023-06-28,Mobile App,10,207,38,17
2023-06-28,Retail Store,1,21,4,1
2023-06-28,Web,16,298,59,28
2023-06-29,Marketplace,7,168,36,18
2023-06-29,Mobile App,5,107,21,11
2023-06-29,Retail Store,2,55,10,4
2023-06-29,Web,13,297,76,42
2023-06-30,Marketplace,5,111,26,14
2023-06-30,Retail Store,2,49,12,6
2023-06-30,Web,13,349,82,43
2023-07-01,Marketplace,10,233,60,35
2023-07-01,Mobile App,6,134,35,21
2023-07-01,Retail Store,2,52,12,6
2023-07-01,Web,16,357,77,36
2023-07-02,Marketplace,8,180,41,21
2023-07-02,Mobile App,9,194,53,31
2023-07-02,Retail Store,3,77,21,9
2023-07-02,Web,11,205,50,26
2023-07-03,Marketplace,9,167,32,19
2023-07-03,Mobile App,2,41,10,5
2023-07-03,Retail Store,1,18,3,1
2023-07-03,Web,17,335,66,31
2023-07-04,Marketplace,3,65,17,9
2023-07-04,Mobile App,13,248,46,27
2023-07-04,Retail Store,1,26,5,2
2023-07-04,Web,13,363,93,50
2023-07-05,Marketplace,11,216,52,28
2023-07-05,Mobile App,9,221,59,28
2023-07-05,Retail Store,2,51,11,6
2023-07-05,Web,14,326,58,29
2023-07-06,Marketplace,2,52,9,4
2023-07-06,Mobile App,11,254,69,33
2023-07-06,Retail Store,1,23,6,3
2023-07-06,Web,15,287,61,36
2023-07-07,Marketplace,6,146,26,14
2023-07-07,Mobile App,7,135,30,18
2023-07-07,Web,9,197,37,22
2023-07-08,Marketplace,11,199,40,19
2023-07-08,Mobile App,10,224,54,24
2023-07-08,Retail Store,3,69,18,9
2023-07-08,Web,10,242,54,30
2023-07-09,Marketplace,6,159,34,17
2023-07-09,Mobile App,9,216,57,26
2023-07-09,Retail Store,1,23,4,2
2023-07-09,Web,11,248,49,26
2023-07-10,Marketplace,8,180,50,29
2023-07-10,Mobile App,9,240,59,29
2023-07-10,Retail Store,2,38,8,3
2023-07-10,Web,14,300,73,42
2023-07-11,Marketplace,14,323,84,49
2023-07-11,Mobile App,6,144,36,16
2023-07-11,Retail Store,2,45,9,4
2023-07-11,Web,11,276,60,30
2023-07-12,Marketplace,7,195,38,24
2023-07-12,Mobile App,7,185,34,19
2023-07-12,Retail Store,1,26,7,3
2023-07-12,Web,12,222,55,31
2023-07-13,Marketplace,6,128,30,14
2023-07-13,Mobile App,16,410,86,49
2023-07-13,Retail Store,5,120,28,17
2023-07-13,Web,13,257,60,33
2023-07-14,Marketplace,1,18,4,2
2023-07-14,Mobile App,9,195,45,20
2023-07-14,Retail Store,2,47,11,6
2023-07-14,Web,21,404,94,43
2023-07-15,Marketplace,8,199,43,24
2023-07-15,Mobile App,8,182,33,18
2023-07-15,Retail Store,1,27,6,3
2023-07-15,Web,20,370,92,59
2023-07-16,Marketplace,8,201,46,22
2023-07-16,Mobile App,8,195,48,24
2023-07-16,Retail Store,2,41,7,4
2023-07-16,Web,14,273,56,35
2023-07-17,Marketplace,4,107,28,17
2023-07-17,Mobile App,11,238,66,40
2023-07-17,Retail Store,5,91,17,8
2023-07-17,Web,14,379,76,34
2023-07-18,Marketplace,4,86,21,11
2023-07-18,Mobile App,5,107,21,12
2023-07-18,Retail Store,2,42,11,7
2023-07-18,Web,11,286,57,35
2023-07-19,Marketplace,8,190,51,31
2023-07-19,Mobile App,8,217,56,29
2023-07-19,Web,11,300,61,30
2023-07-20,Marketplace,3,80,18,9
2023-07-20,Mobile App,10,215,48,25
2023-07-20,Retail Store,2,51,12,6
2023-07-20,Web,9,245,52,23
2023-07-21,Marketplace,15,325,71,39
2023-07-21,Mobile App,12,233,55,26
2023-07-21,Web,17,390,88,41
2023-07-22,Marketplace,6,165,42,22
2023-07-22,Mobile App,12,329,68,38
2023-07-22,Retail Store,1,24,5,2
2023-07-22,Web,12,273,73,37
2023-07-23,Marketplace,5,106,21,13
2023-07-23,Mobile App,4,80,17,7
2023-07-23,Retail Store,2,51,10,6
2023-07-23,Web,9,200,39,23
2023-07-24,Marketplace,4,78,18,9
2023-07-24,Mobile App,9,223,55,33
2023-07-24,Retail Store,1,27,7,3
2023-07-24,Web,14,300,65,38
2023-07-25,Marketplace,11,274,62,28
2023-07-25,Mobile App,4,81,19,9
2023-07-25,Retail Store,3,55,11,5
2023-07-25,Web,14,322,80,45
2023-07-26,Marketplace,5,125,34,20
2023-07-26,Mobile App,9,164,32,15
2023-07-26,Retail Store,1,27,7,4
2023-07-26,Web,13,328,68,38
2023-07-27,Marketplace,9,210,50,29
2023-07-27,Mobile App,11,303,68,36
2023-07-27,Retail Store,3,66,14,6
2023-07-27,Web,15,332,62,33
2023-07-28,Marketplace,9,176,37,18
2023-07-28,Mobile App,7,170,32,17
2023-07-28,Retail Store,2,47,12,6
2023-07-28,Web,8,171,35,16
2023-07-29,Marketplace,1,20,5,3
2023-07-29,Mobile App,8,204,40,20
2023-07-29,Retail Store,1,20,4,2
2023-07-29,Web,12,242,43,23
2023-07-30,Marketplace,6,122,31,17
2023-07-30,Mobile App,9,224,59,32
2023-07-30,Retail Store,3,66,15,9
2023-07-30,Web,11,286,68,33
2023-07-31,Marketplace,4,104,20,12
2023-07-31,Mobile App,12,322,69,35
2023-07-31,Web,16,302,55,29
2023-08-01,Marketplace,4,92,25,14
2023-08-01,Mobile App,12,276,73,36
2023-08-01,Retail Store,1,19,5,3
2023-08-01,Web,13,262,52,33
2023-08-02,Marketplace,8,179,41,20
2023-08-02,Mobile App,7,173,36,19
2023-08-02,Web,11,286,57,36
2023-08-03,Marketplace,4,82,16,10
2023-08-03,Mobile App,6,129,34,20
2023-08-03,Retail Store,4,103,21,10
2023-08-03,Web,11,296,75,43
2023-08-04,Marketplace,5,130,31,17
2023-08-04,Mobile App,5,135,25,15
2023-08-04,Retail Store,2,49,9,5
2023-08-04,Web,18,430,115,71
2023-08-05,Marketplace,2,48,10,6
2023-08-05,Mobile App,6,162,32,18
2023-08-05,Retail Store,3,65,14,7
2023-08-05,Web,22,420,115,56
2023-08-06,Marketplace,4,91,21,10
2023-08-06,Mobile App,6,167,32,14
2023-08-06,Retail Store,1,25,4,1
2023-08-06,Web,12,291,52,26
2023-08-07,Marketplace,3,70,15,9
2023-08-07,Mobile App,7,137,29,14
2023-08-07,Retail Store,3,60,14,6
2023-08-07,Web,11,224,44,26
2023-08-08,Marketplace,9,209,40,23
2023-08-08,Mobile App,16,370,101,63
2023-08-08,Retail Store,2,41,9,5
2023-08-08,Web,23,541,135,76
2023-08-09,Marketplace,9,206,46,22
2023-08-09,Mobile App,7,190,41,24
2023-08-09,Retail Store,3,76,13,6
2023-08-09,Web,8,154,32,18
2023-08-10,Marketplace,7,195,54,33
2023-08-10,Mobile App,13,303,59,32
2023-08-10,Web,14,384,92,58
2023-08-11,Marketplace,8,218,44,25
2023-08-11,Mobile App,7,193,52,29
2023-08-11,Web,11,256,48,24
2023-08-12,Marketplace,5,129,28,13
2023-08-12,Mobile App,11,295,53,31
2023-08-12,Web,9,239,46,24
2023-08-13,Marketplace,3,75,20,10
2023-08-13,Mobile App,7,189,36,22
2023-08-13,Retail Store,2,47,12,6
2023-08-13,Web,14,318,62,33
2023-08-14,Marketplace,5,107,20,12
2023-08-14,Mobile App,10,214,58,33
2023-08-14,Retail Store,5,97,21,9
2023-08-14,Web,11,282,59,38
2023-08-15,Marketplace,7,174,47,25
2023-08-15,Mobile App,12,223,57,33
2023-08-15,Retail Store,1,24,5,2
2023-08-15,Web,11,271,56,26
2023-08-16,Marketplace,3,58,15,6
2023-08-16,Mobile App,4,103,22,12
2023-08-16,Retail Store,5,126,24,12
2023-08-16,Web,15,320,87,39
2023-08-17,Marketplace,10,218,53,32
2023-08-17,Mobile App,15,361,97,54
2023-08-17,Web,11,253,57,32
2023-08-18,Marketplace,7,149,37,17
2023-08-18,Mobile App,9,223,41,22
2023-08-18,Retail Store,1,26,5,2
2023-08-18,Web,17,334,74,37
2023-08-19,Marketplace,2,53,10,6
2023-08-19,Mobile App,6,155,42,25
2023-08-19,Retail Store,2,39,9,5
2023-08-19,Web,15,287,58,28
2023-08-20,Marketplace,4,82,19,8
2023-08-20,Mobile App,9,244,44,27
2023-08-20,Retail Store,3,57,14,6
2023-08-20,Web,11,286,63,39
2023-08-21,Marketplace,6,155,30,14
2023-08-21,Mobile App,7,170,44,24
2023-08-21,Retail Store,3,57,13,7
2023-08-21,Web,17,421,79,35
2023-08-22,Marketplace,11,221,49,31
2023-08-22,Mobile App,9,212,55,35
2023-08-22,Retail Store,2,54,11,6
2023-08-22,Web,10,190,46,25
2023-08-23,Marketplace,4,102,19,11
2023-08-23,Mobile App,11,306,57,36
2023-08-23,Retail Store,1,23,5,3
2023-08-23,Web,16,423,98,45
2023-08-24,Marketplace,5,106,19,10
2023-08-24,Mobile App,13,260,72,44
2023-08-24,Web,14,319,71,41
2023-08-25,Marketplace,2,51,10,5
2023-08-25,Mobile App,6,147,40,22
2023-08-25,Web,8,193,52,32
2023-08-26,Marketplace,8,160,42,27
2023-08-26,Mobile App,6,153,28,17
2023-08-26,Retail Store,2,44,8,4
2023-08-26,Web,13,297,62,32
2023-08-27,Marketplace,9,218,57,35
2023-08-27,Mobile App,5,111,30,17
2023-08-27,Web,7,141,26,11
2023-08-28,Marketplace,2,51,13,7
2023-08-28,Mobile App,7,155,28,16
2023-08-28,Retail Store,1,24,4,2
2023-08-28,Web,10,274,53,29
2023-08-29,Marketplace,7,175,44,20
2023-08-29,Mobile App,8,181,37,18
2023-08-29,Retail Store,2,47,9,5
2023-08-29,Web,14,296,67,31
2023-08-30,Marketplace,6,145,33,16
2023-08-30,Mobile App,8,176,33,20
2023-08-30,Retail Store,2,48,9,4
2023-08-30,Web,18,431,95,46
2023-08-31,Marketplace,6,137,35,19
2023-08-31,Mobile App,8,221,41,19
2023-08-31,Retail Store,1,26,7,3
2023-08-31,Web,15,321,76,46
2023-09-01,Marketplace,5,101,22,11
2023-09-01,Mobile App,11,299,75,34
2023-09-01,Web,16,311,61,34
2023-09-02,Marketplace,8,165,30,15
2023-09-02,Mobile App,10,279,74,34
2023-09-02,Web,7,159,37,23
2023-09-03,Marketplace,4,108,30,14
2023-09-03,Mobile App,9,214,51,27
2023-09-03,Web,13,309,77,40
2023-09-04,Marketplace,9,173,46,24
2023-09-04,Mobile App,9,164,41,21
2023-09-04,Web,19,383,83,40
2023-09-05,Marketplace,5,124,25,13
2023-09-05,Mobile App,6,165,37,17
2023-09-05,Web,13,345,78,48
2023-09-06,Marketplace,4,78,17,10
2023-09-06,Mobile App,8,185,41,23
2023-09-06,Retail Store,1,25,6,3
2023-09-06,Web,12,271,66,41
2023-09-07,Marketplace,11,219,46,25
2023-09-07,Mobile App,15,354,94,56
2023-09-07,Retail Store,1,27,7,3
2023-09-07,Web,15,323,66,41
2023-09-08,Marketplace,7,170,42,27
2023-09-08,Mobile App,13,316,75,43
2023-09-08,Retail Store,4,86,18,9
2023-09-08,Web,13,314,70,43
2023-09-09,Marketplace,8,210,50,23
2023-09-09,Mobile App,10,209,56,33
2023-09-09,Web,13,296,72,34
2023-09-10,Marketplace,8,152,41,19
2023-09-10,Mobile App,9,225,54,29
2023-09-10,Retail Store,2,41,10,4
2023-09-10,Web,14,330,84,50
2023-09-11,Marketplace,7,156,41,23
2023-09-11,Mobile App,13,330,69,40
2023-09-11,Retail Store,3,62,13,7
2023-09-11,Web,11,301,68,40
2023-09-12,Marketplace,9,225,51,30
2023-09-12,Mobile App,11,271,67,40
2023-09-12,Retail Store,1,22,4,2
2023-09-12,Web,20,380,75,41
2023-09-13,Marketplace,11,217,42,23
2023-09-13,Mobile App,9,186,45,26
2023-09-13,Retail Store,2,37,7,3
2023-09-13,Web,25,610,147,82
2023-09-14,Marketplace,3,55,14,6
2023-09-14,Mobile App,15,336,79,47
2023-09-14,Retail Store,2,52,11,5
2023-09-14,Web,13,251,47,27
2023-09-15,Marketplace,12,323,79,48
2023-09-15,Mobile App,8,175,39,22
2023-09-15,Retail Store,1,24,5,2
2023-09-15,Web,13,312,71,38
2023-09-16,Marketplace,8,174,42,23
2023-09-16,Mobile App,10,223,61,33
2023-09-16,Web,20,392,82,42
2023-09-17,Marketplace,4,111,25,16
2023-09-17,Mobile App,12,246,49,25
2023-09-17,Retail Store,1,22,5,2
2023-09-17,Web,13,250,45,27
2023-09-18,Marketplace,9,168,34,17
2023-09-18,Mobile App,7,127,34,15
2023-09-18,Retail Store,2,44,8,3
2023-09-18,Web,12,219,61,28
2023-09-19,Marketplace,8,182,39,21
2023-09-19,Mobile App,18,444,97,60
2023-09-19,Retail Store,2,41,9,4
2023-09-19,Web,11,205,55,30
2023-09-20,Marketplace,6,142,35,17
2023-09-20,Mobile App,7,178,39,21
2023-09-20,Retail Store,3,70,16,9
2023-09-20,Web,14,258,50,29
2023-09-21,Marketplace,5,131,29,15
2023-09-21,Mobile App,13,285,75,44
2023-09-21,Retail Store,1,18,4,2
2023-09-21,Web,22,574,125,68
2023-09-22,Marketplace,7,188,52,24
2023-09-22,Mobile App,16,394,78,43
2023-09-22,Retail Store,5,138,38,17
2023-09-22,Web,10,224,51,23
2023-09-23,Marketplace,6,163,37,18
2023-09-23,Mobile App,7,140,36,16
2023-09-23,Web,8,195,44,21
2023-09-24,Marketplace,6,128,33,18
2023-09-24,Mobile App,9,162,42,22
2023-09-24,Retail Store,2,44,10,5
2023-09-24,Web,11,248,50,23
2023-09-25,Marketplace,7,126,34,20
2023-09-25,Mobile App,12,316,64,31
2023-09-25,Retail Store,3,73,16,9
2023-09-25,Web,19,342,90,52
2023-09-26,Marketplace,6,112,29,17
2023-09-26,Mobile App,9,163,33,19
2023-09-26,Retail Store,4,77,17,7
2023-09-26,Web,8,158,28,17
2023-09-27,Marketplace,4,83,21,12
2023-09-27,Mobile App,9,188,37,21
2023-09-27,Web,15,341,69,38
2023-09-28,Marketplace,9,205,54,31
2023-09-28,Mobile App,8,218,42,24
2023-09-28,Retail Store,3,58,13,8
2023-09-28,Web,16,411,90,45
2023-09-29,Marketplace,4,96,21,12
2023-09-29,Mobile App,12,287,57,31
2023-09-29,Retail Store,4,109,26,15
2023-09-29,Web,8,222,54,28
2023-09-30,Marketplace,3,79,16,7
2023-09-30,Mobile App,8,191,50,23
2023-09-30,Retail Store,1,20,4,2
2023-09-30,Web,18,479,93,52
2023-10-01,Marketplace,4,78,20,12
2023-10-01,Mobile App,14,298,55,35
2023-10-01,Retail Store,2,54,12,7
2023-10-01,Web,15,272,53,31
2023-10-02,Marketplace,8,153,32,15
2023-10-02,Mobile App,10,202,53,24
2023-10-02,Web,15,415,80,45
2023-10-03,Marketplace,7,171,34,18
2023-10-03,Mobile App,5,123,26,14
2023-10-03,Retail Store,2,52,12,7
2023-10-03,Web,18,489,102,46
2023-10-04,Marketplace,6,135,33,20
2023-10-04,Mobile App,12,252,54,34
2023-10-04,Web,14,254,58,26
2023-10-05,Marketplace,4,80,15,7
2023-10-05,Mobile App,7,128,30,18
2023-10-05,Retail Store,5,130,33,17
2023-10-05,Web,13,246,46,26
2023-10-06,Marketplace,5,136,33,17
2023-10-06,Mobile App,7,158,39,18
2023-10-06,Web,17,358,80,51
2023-10-07,Marketplace,2,40,7,3
2023-10-07,Mobile App,8,216,45,27
2023-10-07,Web,20,425,96,47
2023-10-08,Marketplace,7,133,34,17
2023-10-08,Mobile App,11,206,39,22
2023-10-08,Retail Store,1,24,4,2
2023-10-08,Web,11,276,67,34
2023-10-09,Marketplace,9,166,30,14
2023-10-09,Mobile App,9,226,53,33
2023-10-09,Retail Store,1,23,4,2
2023-10-09,Web,12,290,78,48
2023-10-10,Marketplace,4,85,16,9
2023-10-10,Mobile App,6,147,30,14
2023-10-10,Retail Store,1,19,5,3
2023-10-10,Web,13,262,61,31
2023-10-11,Marketplace,4,92,23,12
2023-10-11,Mobile App,10,252,48,29
2023-10-11,Retail Store,1,19,5,2
2023-10-11,Web,15,373,84,42
2023-10-12,Marketplace,8,189,45,26
2023-10-12,Mobile App,14,276,53,24
2023-10-12,Retail Store,2,52,14,6
2023-10-12,Web,8,162,33,16
2023-10-13,Marketplace,8,182,48,29
2023-10-13,Mobile App,6,139,29,14
2023-10-13,Retail Store,2,42,8,3
2023-10-13,Web,16,429,86,52
2023-10-14,Marketplace,8,147,34,19
2023-10-14,Mobile App,10,197,54,34
2023-10-14,Retail Store,3,82,21,9
2023-10-14,Web,16,410,104,62
2023-10-15,Marketplace,7,159,44,23
2023-10-15,Mobile App,11,272,58,36
2023-10-15,Retail Store,3,71,17,10
2023-10-15,Web,24,440,99,45
2023-10-16,Marketplace,5,114,24,12
2023-10-16,Mobile App,7,150,40,23
2023-10-16,Retail Store,3,65,11,7
2023-10-16,Web,12,287,54,31
2023-10-17,Marketplace,5,99,21,11
2023-10-17,Mobile App,19,396,76,40
2023-10-17,Retail Store,2,38,8,4
2023-10-17,Web,4,76,17,8
2023-10-18,Marketplace,5,124,24,11
2023-10-18,Mobile App,9,192,48,22
2023-10-18,Retail Store,1,19,4,2
2023-10-18,Web,18,391,108,56
2023-10-19,Marketplace,3,71,18,9
2023-10-19,Mobile App,8,169,45,23
2023-10-19,Retail Store,1,22,5,2
2023-10-19,Web,16,423,97,60
2023-10-20,Marketplace,12,326,61,31
2023-10-20,Mobile App,15,387,75,36
2023-10-20,Web,18,429,109,62
2023-10-21,Marketplace,8,171,40,24
2023-10-21,Mobile App,15,410,76,44
2023-10-21,Retail Store,6,161,41,22
2023-10-21,Web,10,248,52,31
2023-10-22,Marketplace,6,136,24,14
2023-10-22,Mobile App,14,272,55,30
2023-10-22,Retail Store,3,62,16,8
2023-10-22,Web,20,385,98,51
2023-10-23,Marketplace,10,181,36,17
2023-10-23,Mobile App,6,118,31,15
2023-10-23,Retail Store,1,20,5,2
2023-10-23,Web,12,226,44,25
2023-10-24,Marketplace,6,117,28,14
2023-10-24,Mobile App,7,175,45,24
2023-10-24,Web,28,686,163,80
2023-10-25,Marketplace,8,192,41,20
2023-10-25,Mobile App,17,399,104,60
2023-10-25,Retail Store,3,61,15,9
2023-10-25,Web,15,297,61,27
2023-10-26,Marketplace,7,136,24,12
2023-10-26,Mobile App,12,286,64,35
2023-10-26,Retail Store,1,19,4,2
2023-10-26,Web,15,355,98,55
2023-10-27,Marketplace,3,73,18,10
2023-10-27,Mobile App,10,229,49,23
2023-10-27,Retail Store,2,38,7,3
2023-10-27,Web,17,308,82,38
2023-10-28,Marketplace,6,158,34,21
2023-10-28,Mobile App,6,152,28,13
2023-10-28,Retail Store,1,25,5,2
2023-10-28,Web,22,452,122,64
2023-10-29,Marketplace,11,266,72,35
2023-10-29,Mobile App,7,152,29,16
2023-10-29,Retail Store,3,68,18,10
2023-10-29,Web,17,390,104,66
2023-10-30,Marketplace,7,155,28,13
2023-10-30,Mobile App,17,346,69,40
2023-10-30,Web,13,270,69,34
2023-10-31,Marketplace,10,192,49,31
2023-10-31,Mobile App,13,305,66,37
2023-10-31,Retail Store,1,27,5,2
2023-10-31,Web,17,376,71,32
2023-11-01,Marketplace,9,228,49,31
2023-11-01,Mobile App,23,472,101,61
2023-11-01,Retail Store,3,82,21,12
2023-11-01,Web,29,626,169,82
2023-11-02,Marketplace,6,128,31,17
2023-11-02,Mobile App,14,291,59,26
2023-11-02,Retail Store,3,61,16,8
2023-11-02,Web,22,430,96,61
2023-11-03,Marketplace,6,165,38,24
2023-11-03,Mobile App,16,352,95,50
2023-11-03,Retail Store,3,77,21,12
2023-11-03,Web,34,876,187,92
2023-11-04,Marketplace,10,209,56,32
2023-11-04,Mobile App,7,138,37,17
2023-11-04,Retail Store,7,129,35,16
2023-11-04,Web,24,637,155,96
2023-11-05,Marketplace,8,193,39,22
2023-11-05,Mobile App,19,458,124,70
2023-11-05,Web,23,448,98,62
2023-11-06,Marketplace,16,308,78,41
2023-11-06,Mobile App,11,281,70,32
2023-11-06,Retail Store,4,93,22,10
2023-11-06,Web,22,532,121,60
2023-11-07,Marketplace,18,402,100,49
2023-11-07,Mobile App,23,599,162,80
2023-11-07,Retail Store,2,49,9,5
2023-11-07,Web,16,397,77,45
2023-11-08,Marketplace,13,330,79,48
2023-11-08,Mobile App,16,403,99,46
2023-11-08,Retail Store,2,38,9,5
2023-11-08,Web,32,894,181,101
2023-11-09,Marketplace,10,202,39,23
2023-11-09,Mobile App,22,560,108,62
2023-11-09,Retail Store,1,23,5,2
2023-11-09,Web,32,763,206,99
2023-11-10,Marketplace,18,437,88,55
2023-11-10,Mobile App,17,346,91,45
2023-11-10,Retail Store,1,27,7,4
2023-11-10,Web,24,650,121,66
2023-11-11,Marketplace,14,389,86,47
2023-11-11,Mobile App,14,326,70,32
2023-11-11,Retail Store,2,55,12,6
2023-11-11,Web,28,661,170,77
2023-11-12,Marketplace,8,149,29,17
2023-11-12,Mobile App,16,410,105,60
2023-11-12,Retail Store,5,127,23,11
2023-11-12,Web,21,490,136,81
2023-11-13,Marketplace,8,170,38,23
2023-11-13,Mobile App,13,322,88,40
2023-11-13,Retail Store,1,24,6,3
2023-11-13,Web,31,616,123,77
2023-11-14,Marketplace,14,370,100,59
2023-11-14,Mobile App,17,387,91,48
2023-11-14,Retail Store,3,64,17,8
2023-11-14,Web,24,475,117,66
2023-11-15,Marketplace,8,185,47,22
2023-11-15,Mobile App,18,496,109,68
2023-11-15,Retail Store,2,40,9,4
2023-11-15,Web,20,424,109,54
2023-11-16,Marketplace,15,321,76,38
2023-11-16,Mobile App,13,343,80,40
2023-11-16,Retail Store,3,81,19,11
2023-11-16,Web,29,657,158,80
2023-11-17,Marketplace,9,215,53,34
2023-11-17,Mobile App,13,266,49,29
2023-11-17,Retail Store,2,53,12,5
2023-11-17,Web,23,571,127,74
2023-11-18,Marketplace,14,356,84,54
2023-11-18,Mobile App,18,394,106,59
2023-11-18,Retail Store,1,27,5,3
2023-11-18,Web,20,454,91,45
2023-11-19,Marketplace,10,250,63,38
2023-11-19,Mobile App,15,294,79,48
2023-11-19,Retail Store,1,25,4,2
2023-11-19,Web,37,682,137,66
2023-11-20,Marketplace,6,159,37,19
2023-11-20,Mobile App,14,287,56,35
2023-11-20,Retail Store,4,73,14,7
2023-11-20,Web,17,450,100,59
2023-11-21,Marketplace,9,243,61,27
2023-11-21,Mobile App,17,441,95,56
2023-11-21,Retail Store,3,79,15,8
2023-11-21,Web,20,511,97,45
2023-11-22,Marketplace,9,201,46,22
2023-11-22,Mobile App,15,417,98,54
2023-11-22,Retail Store,2,52,14,6
2023-11-22,Web,31,638,128,69
2023-11-23,Marketplace,10,182,41,24
2023-11-23,Mobile App,14,306,64,32
2023-11-23,Retail Store,1,25,5,3
2023-11-23,Web,26,639,175,80
2023-11-24,Marketplace,6,118,22,13
2023-11-24,Mobile App,14,275,51,24
2023-11-24,Retail Store,2,55,10,6
2023-11-24,Web,17,321,67,39
2023-11-25,Marketplace,12,217,51,32
2023-11-25,Mobile App,18,421,111,69
2023-11-25,Retail Store,2,40,8,4
2023-11-25,Web,21,567,145,92
2023-11-26,Marketplace,10,259,61,30
2023-11-26,Mobile App,14,348,82,45
2023-11-26,Retail Store,2,36,7,3
2023-11-26,Web,32,682,183,91
2023-11-27,Marketplace,8,205,55,34
2023-11-27,Mobile App,14,295,56,30
2023-11-27,Web,23,552,116,73
2023-11-28,Marketplace,13,242,50,27
2023-11-28,Mobile App,15,363,98,55
2023-11-28,Retail Store,3,72,14,8
2023-11-28,Web,23,536,138,67
2023-11-29,Marketplace,15,346,65,36
2023-11-29,Mobile App,16,298,61,34
2023-11-29,Retail Store,2,42,9,4
2023-11-29,Web,12,287,61,37
2023-11-30,Marketplace,13,234,61,28
2023-11-30,Mobile App,17,438,94,58
2023-11-30,Retail Store,3,57,14,7
2023-11-30,Web,27,509,123,61
2023-12-01,Marketplace,16,359,68,36
2023-12-01,Mobile App,16,439,117,66
2023-12-01,Retail Store,4,74,20,9
2023-12-01,Web,28,648,164,91
2023-12-02,Marketplace,5,131,29,16
2023-12-02,Mobile App,26,511,113,67
2023-12-02,Retail Store,2,41,7,4
2023-12-02,Web,27,664,154,85
2023-12-03,Marketplace,7,163,43,24
2023-12-03,Mobile App,18,443,99,53
2023-12-03,Retail Store,3,66,13,6
2023-12-03,Web,30,695,142,81
2023-12-04,Marketplace,10,269,62,30
2023-12-04,Mobile App,13,350,71,42
2023-12-04,Retail Store,5,98,26,14
2023-12-04,Web,26,685,162,87
2023-12-05,Marketplace,15,277,76,36
2023-12-05,Mobile App,18,460,123,77
2023-12-05,Retail Store,3,67,14,8
2023-12-05,Web,28,721,198,118
2023-12-06,Marketplace,9,225,55,32
2023-12-06,Mobile App,9,231,46,28
2023-12-06,Retail Store,2,50,13,7
2023-12-06,Web,19,522,134,79
2023-12-07,Marketplace,9,203,43,25
2023-12-07,Mobile App,20,489,100,63
2023-12-07,Web,24,637,136,80
2023-12-08,Marketplace,6,151,32,18
2023-12-08,Mobile App,7,179,43,22
2023-12-08,Retail Store,1,27,6,2
2023-12-08,Web,22,604,117,62
2023-12-09,Marketplace,9,224,61,29
2023-12-09,Mobile App,20,525,129,64
2023-12-09,Retail Store,2,54,11,6
2023-12-09,Web,26,489,109,64
2023-12-10,Marketplace,13,306,65,36
2023-12-10,Mobile App,24,527,97,46
2023-12-10,Retail Store,4,76,18,8
2023-12-10,Web,25,537,96,61
2023-12-11,Marketplace,9,211,40,21
2023-12-11,Mobile App,16,308,59,36
2023-12-11,Retail Store,3,55,10,5
2023-12-11,Web,29,683,154,82
2023-12-12,Marketplace,9,173,36,18
2023-12-12,Mobile App,15,320,63,30
2023-12-12,Retail Store,2,42,11,6
2023-12-12,Web,23,421,79,38
2023-12-13,Marketplace,13,236,45,26
2023-12-13,Mobile App,18,344,65,42
2023-12-13,Retail Store,1,21,4,2
2023-12-13,Web,26,714,194,95
2023-12-14,Marketplace,17,383,79,49
2023-12-14,Mobile App,15,412,102,55
2023-12-14,Retail Store,4,79,19,11
2023-12-14,Web,20,393,108,56
2023-12-15,Marketplace,7,150,29,15
2023-12-15,Mobile App,20,396,87,41
2023-12-15,Retail Store,2,53,14,6
2023-12-15,Web,28,776,151,72
2023-12-16,Marketplace,16,359,93,57
2023-12-16,Mobile App,15,322,70,35
2023-12-16,Retail Store,2,36,7,4
2023-12-16,Web,36,745,163,86
2023-12-17,Marketplace,12,243,54,27
2023-12-17,Mobile App,13,276,50,28
2023-12-17,Retail Store,1,21,3,1
2023-12-17,Web,18,489,127,71
2023-12-18,Marketplace,12,266,60,37
2023-12-18,Mobile App,25,665,176,96
2023-12-18,Retail Store,6,154,33,17
2023-12-18,Web,31,790,173,102
2023-12-19,Marketplace,8,182,50,26
2023-12-19,Mobile App,20,360,73,46
2023-12-19,Retail Store,3,57,15,9
2023-12-19,Web,29,630,113,62
2023-12-20,Marketplace,11,307,73,38
2023-12-20,Mobile App,6,109,22,10
2023-12-20,Retail Store,7,164,36,18
2023-12-20,Web,23,496,122,60
2023-12-21,Marketplace,12,296,79,50
2023-12-21,Mobile App,16,442,87,44
2023-12-21,Retail Store,4,98,25,12
2023-12-21,Web,25,484,103,66
2023-12-22,Marketplace,10,199,41,24
2023-12-22,Mobile App,20,507,136,63
2023-12-22,Retail Store,1,22,4,2
2023-12-22,Web,27,653,133,81
2023-12-23,Marketplace,7,138,31,15
2023-12-23,Mobile App,11,217,46,27
2023-12-23,Retail Store,3,83,19,9
2023-12-23,Web,16,327,65,39
2023-12-24,Marketplace,17,361,73,44
2023-12-24,Mobile App,23,489,135,62
2023-12-24,Retail Store,5,103,26,11
2023-12-24,Web,32,875,207,127
2023-12-25,Marketplace,6,110,28,15
2023-12-25,Mobile App,21,431,85,52
2023-12-25,Retail Store,1,18,4,2
2023-12-25,Web,26,624,146,93
2023-12-26,Marketplace,12,227,62,33
2023-12-26,Mobile App,15,313,69,43
2023-12-26,Web,31,852,202,108
2023-12-27,Marketplace,9,174,38,19
2023-12-27,Mobile App,19,447,93,55
2023-12-27,Web,24,472,122,76
2023-12-28,Marketplace,12,226,57,35
2023-12-28,Mobile App,16,305,80,51
2023-12-28,Retail Store,3,81,20,11
2023-12-28,Web,30,621,132,82
2023-12-29,Marketplace,16,402,103,53
2023-12-29,Mobile App,15,323,90,42
2023-12-29,Retail Store,8,156,38,24
2023-12-29,Web,24,483,97,62
2023-12-30,Marketplace,10,251,59,31
2023-12-30,Mobile App,12,252,60,35
2023-12-30,Web,22,458,95,55
2023-12-31,Marketplace,8,210,43,21
2023-12-31,Mobile App,22,440,114,52
2023-12-31,Retail Store,1,21,5,2
2023-12-31,Web,23,615,134,80
2024-01-01,Marketplace,7,155,30,15
2024-01-01,Mobile App,15,294,65,32
2024-01-01,Retail Store,1,26,5,2
2024-01-01,Web,9,185,35,17
2024-01-02,Marketplace,3,61,11,6
2024-01-02,Mobile App,8,209,41,26
2024-01-02,Retail Store,3,68,17,8
2024-01-02,Web,19,487,116,56
2024-01-03,Marketplace,8,179,38,18
2024-01-03,Mobile App,10,242,46,24
2024-01-03,Retail Store,1,21,3,1
2024-01-03,Web,17,363,94,56
2024-01-04,Marketplace,6,130,34,17
2024-01-04,Mobile App,6,143,27,14
2024-01-04,Web,19,432,80,41
2024-01-05,Marketplace,6,110,27,14
2024-01-05,Mobile App,12,232,58,35
2024-01-05,Retail Store,1,19,4,2
2024-01-05,Web,16,406,95,50
2024-01-06,Marketplace,6,133,36,22
2024-01-06,Mobile App,12,235,48,28
2024-01-06,Retail Store,1,22,5,2
2024-01-06,Web,17,429,96,53
2024-01-07,Marketplace,7,168,43,26
2024-01-07,Mobile App,10,185,34,16
2024-01-07,Web,21,454,125,78
2024-01-08,Marketplace,12,332,72,39
2024-01-08,Mobile App,12,323,58,30
2024-01-08,Retail Store,2,37,10,5
2024-01-08,Web,12,266,62,37
2024-01-09,Marketplace,5,121,33,16
2024-01-09,Mobile App,11,215,44,20
2024-01-09,Retail Store,1,19,4,2
2024-01-09,Web,15,320,58,28
2024-01-10,Marketplace,9,214,55,30
2024-01-10,Mobile App,8,191,41,20
2024-01-10,Retail Store,1,21,5,2
2024-01-10,Web,21,575,153,99
2024-01-11,Marketplace,8,157,37,19
2024-01-11,Mobile App,7,186,35,20
2024-01-11,Web,14,346,72,34
2024-01-12,Marketplace,5,126,31,18
2024-01-12,Mobile App,12,284,58,35
2024-01-12,Retail Store,2,54,13,7
2024-01-12,Web,18,385,86,52
2024-01-13,Marketplace,4,101,22,11
2024-01-13,Mobile App,11,281,70,44
2024-01-13,Web,14,252,64,39
2024-01-14,Marketplace,6,116,22,12
2024-01-14,Mobile App,8,147,38,22
2024-01-14,Web,14,337,90,58
2024-01-15,Marketplace,9,178,36,23
2024-01-15,Mobile App,9,205,51,30
2024-01-15,Retail Store,2,47,10,5
2024-01-15,Web,18,429,115,55
2024-01-16,Marketplace,10,263,68,43
2024-01-16,Mobile App,8,201,53,31
2024-01-16,Retail Store,4,88,16,7
2024-01-16,Web,14,368,98,52
2024-01-17,Marketplace,8,214,43,22
2024-01-17,Mobile App,8,179,47,24
2024-01-17,Retail Store,1,21,4,2
2024-01-17,Web,14,309,81,45
2024-01-18,Marketplace,7,130,33,16
2024-01-18,Mobile App,13,345,63,34
2024-01-18,Retail Store,2,44,10,6
2024-01-18,Web,14,375,90,52
2024-01-19,Marketplace,5,90,19,11
2024-01-19,Mobile App,7,156,42,19
2024-01-19,Retail Store,3,76,14,8
2024-01-19,Web,16,306,81,49
2024-01-20,Marketplace,6,110,24,13
2024-01-20,Mobile App,6,109,22,13
2024-01-20,Retail Store,2,48,12,7
2024-01-20,Web,11,227,52,27
2024-01-21,Marketplace,9,228,44,20
2024-01-21,Mobile App,8,173,36,21
2024-01-21,Retail Store,2,39,8,3
2024-01-21,Web,22,530,122,70
2024-01-22,Marketplace,5,109,23,14
2024-01-22,Mobile App,10,227,48,29
2024-01-22,Retail Store,1,21,3,1
2024-01-22,Web,20,522,139,86
2024-01-23,Marketplace,6,109,20,12
2024-01-23,Mobile App,7,131,29,14
2024-01-23,Web,14,256,64,38
2024-01-24,Marketplace,6,133,28,14
2024-01-24,Mobile App,7,181,47,29
2024-01-24,Web,23,588,155,75
2024-01-25,Marketplace,5,118,26,16
2024-01-25,Mobile App,9,187,44,21
2024-01-25,Retail Store,1,25,6,3
2024-01-25,Web,17,417,114,59
2024-01-26,Marketplace,5,91,24,11
2024-01-26,Mobile App,8,214,39,20
2024-01-26,Retail Store,3,56,11,5
2024-01-26,Web,14,284,56,27
2024-01-27,Marketplace,8,164,45,26
2024-01-27,Mobile App,9,201,43,27
2024-01-27,Retail Store,4,105,23,10
2024-01-27,Web,18,343,67,41
2024-01-28,Marketplace,6,125,26,13
2024-01-28,Mobile App,11,273,62,35
2024-01-28,Retail Store,1,21,4,2
2024-01-28,Web,16,434,115,51
2024-01-29,Marketplace,9,229,44,21
2024-01-29,Mobile App,10,251,68,31
2024-01-29,Retail Store,2,46,12,6
2024-01-29,Web,20,504,107,60
2024-01-30,Marketplace,12,245,64,34
2024-01-30,Mobile App,13,309,83,48
2024-01-30,Retail Store,1,20,5,2
2024-01-30,Web,20,466,107,54
2024-01-31,Marketplace,5,106,23,12
2024-01-31,Mobile App,10,270,61,37
2024-01-31,Retail Store,1,25,5,2
2024-01-31,Web,13,275,63,32
2024-02-01,Marketplace,3,76,19,10
2024-02-01,Mobile App,13,333,82,44
2024-02-01,Retail Store,2,40,10,6
2024-02-01,Web,16,353,70,40
2024-02-02,Marketplace,6,166,38,23
2024-02-02,Mobile App,12,270,48,23
2024-02-02,Retail Store,2,48,9,5
2024-02-02,Web,19,476,88,42
2024-02-03,Marketplace,7,131,25,13
2024-02-03,Mobile App,8,152,39,24
2024-02-03,Retail Store,2,53,12,7
2024-02-03,Web,11,265,63,29
2024-02-04,Marketplace,1,19,4,2
2024-02-04,Mobile App,11,284,71,35
2024-02-04,Retail Store,1,25,5,3
2024-02-04,Web,16,327,59,35
2024-02-05,Marketplace,6,145,35,22
2024-02-05,Mobile App,9,249,57,25
2024-02-05,Web,11,275,54,31
2024-02-06,Marketplace,9,166,35,16
2024-02-06,Mobile App,6,156,39,24
2024-02-06,Retail Store,2,48,11,5
2024-02-06,Web,10,227,56,27
2024-02-07,Marketplace,8,177,41,26
2024-02-07,Mobile App,12,328,67,31
2024-02-07,Retail Store,5,111,23,14
2024-02-07,Web,12,221,52,30
2024-02-08,Marketplace,12,274,67,35
2024-02-08,Mobile App,9,190,45,21
2024-02-08,Retail Store,2,36,8,4
2024-02-08,Web,18,392,105,64
2024-02-09,Marketplace,3,56,14,7
2024-02-09,Mobile App,4,92,17,8
2024-02-09,Retail Store,3,62,14,6
2024-02-09,Web,10,248,56,26
2024-02-10,Marketplace,8,161,34,21
2024-02-10,Mobile App,9,235,43,20
2024-02-10,Web,14,391,107,61
2024-02-11,Marketplace,5,98,26,14
2024-02-11,Mobile App,13,328,64,31
2024-02-11,Retail Store,1,26,4,2
2024-02-11,Web,19,447,118,65
2024-02-12,Marketplace,12,276,69,34
2024-02-12,Mobile App,6,116,29,14
2024-02-12,Retail Store,2,51,12,6
2024-02-12,Web,19,389,91,46
2024-02-13,Marketplace,6,123,22,11
2024-02-13,Mobile App,15,288,72,40
2024-02-13,Retail Store,3,60,15,7
2024-02-13,Web,17,416,110,55
2024-02-14,Marketplace,7,189,47,23
2024-02-14,Mobile App,9,238,53,31
2024-02-14,Web,11,296,55,28
2024-02-15,Marketplace,5,110,25,12
2024-02-15,Mobile App,9,178,43,24
2024-02-15,Retail Store,2,41,7,3
2024-02-15,Web,20,493,129,74
2024-02-16,Marketplace,6,141,34,17
2024-02-16,Mobile App,8,188,49,25
2024-02-16,Retail Store,1,25,6,2
2024-02-16,Web,12,310,80,40
2024-02-17,Marketplace,2,48,10,5
2024-02-17,Mobile App,12,286,53,27
2024-02-17,Retail Store,3,72,13,7
2024-02-17,Web,14,339,82,37
2024-02-18,Marketplace,9,190,47,22
2024-02-18,Mobile App,9,226,58,29
2024-02-18,Retail Store,1,27,7,4
2024-02-18,Web,22,439,110,64
2024-02-19,Marketplace,6,116,32,19
2024-02-19,Mobile App,8,166,36,19
2024-02-19,Retail Store,3,67,13,8
2024-02-19,Web,16,408,94,59
2024-02-20,Marketplace,7,195,36,17
2024-02-20,Mobile App,9,192,45,23
2024-02-20,Retail Store,2,50,11,5
2024-02-20,Web,14,375,79,44
2024-02-21,Marketplace,7,127,24,12
2024-02-21,Mobile App,9,203,45,27
2024-02-21,Retail Store,2,47,12,7
2024-02-21,Web,12,217,49,22
2024-02-22,Marketplace,5,136,28,15
2024-02-22,Mobile App,14,348,93,52
2024-02-22,Retail Store,4,91,21,13
2024-02-22,Web,18,496,124,72
2024-02-23,Marketplace,7,179,32,16
2024-02-23,Mobile App,8,207,51,28
2024-02-23,Retail Store,2,50,10,5
2024-02-23,Web,13,330,83,42
2024-02-24,Marketplace,5,132,31,14
2024-02-24,Mobile App,11,255,59,34
2024-02-24,Retail Store,4,75,14,7
2024-02-24,Web,15,342,84,51
2024-02-25,Marketplace,7,175,31,14
2024-02-25,Mobile App,10,252,56,35
2024-02-25,Web,10,213,51,25
2024-02-26,Marketplace,6,164,33,18
2024-02-26,Mobile App,11,295,53,27
2024-02-26,Retail Store,2,45,9,4
2024-02-26,Web,12,223,48,27
2024-02-27,Marketplace,5,136,31,17
2024-02-27,Mobile App,9,209,46,21
2024-02-27,Retail Store,1,25,6,2
2024-02-27,Web,17,447,105,57
2024-02-28,Marketplace,4,102,20,9
2024-02-28,Mobile App,7,140,25,11
2024-02-28,Retail Store,3,77,16,8
2024-02-28,Web,13,321,67,32
2024-02-29,Marketplace,8,210,45,24
2024-02-29,Mobile App,12,278,63,29
2024-02-29,Retail Store,2,55,14,7
2024-02-29,Web,7,188,34,21
2024-03-01,Marketplace,7,134,36,16
2024-03-01,Mobile App,8,164,43,27
2024-03-01,Retail Store,3,67,17,10
2024-03-01,Web,17,340,66,40
2024-03-02,Marketplace,5,123,33,20
2024-03-02,Mobile App,11,227,48,24
2024-03-02,Retail Store,3,66,16,7
2024-03-02,Web,15,326,63,38
2024-03-03,Marketplace,4,106,27,12
2024-03-03,Mobile App,11,267,59,34
2024-03-03,Retail Store,3,75,19,10
2024-03-03,Web,12,328,59,33
2024-03-04,Marketplace,10,244,49,23
2024-03-04,Mobile App,16,290,72,46
2024-03-04,Web,13,353,79,49
2024-03-05,Marketplace,5,134,25,12
2024-03-05,Mobile App,11,299,83,47
2024-03-05,Retail Store,2,42,8,3
2024-03-05,Web,20,367,73,32
2024-03-06,Marketplace,10,232,56,35
2024-03-06,Mobile App,10,256,51,23
2024-03-06,Web,11,294,65,32
2024-03-07,Marketplace,3,55,14,8
2024-03-07,Mobile App,9,209,45,20
2024-03-07,Web,11,214,57,35
2024-03-08,Marketplace,9,249,68,43
2024-03-08,Mobile App,13,289,65,38
2024-03-08,Retail Store,3,61,15,7
2024-03-08,Web,13,336,75,44
2024-03-09,Marketplace,7,191,42,19
2024-03-09,Mobile App,5,139,26,12
2024-03-09,Retail Store,3,69,14,8
2024-03-09,Web,14,283,65,42
2024-03-10,Marketplace,4,81,15,6
2024-03-10,Mobile App,14,378,74,35
2024-03-10,Retail Store,1,20,4,2
2024-03-10,Web,12,288,58,27
2024-03-11,Marketplace,7,153,31,16
2024-03-11,Mobile App,10,190,36,18
2024-03-11,Web,15,280,58,36
2024-03-12,Marketplace,6,165,43,27
2024-03-12,Mobile App,7,134,33,17
2024-03-12,Retail Store,2,51,10,5
2024-03-12,Web,11,303,62,35
2024-03-13,Marketplace,6,163,35,16
2024-03-13,Mobile App,17,357,75,43
2024-03-13,Retail Store,1,22,4,2
2024-03-13,Web,16,398,111,63
2024-03-14,Marketplace,7,174,37,19
2024-03-14,Mobile App,13,260,54,29
2024-03-14,Retail Store,3,56,11,5
2024-03-14,Web,17,326,64,40
2024-03-15,Marketplace,10,205,41,23
2024-03-15,Mobile App,8,201,47,23
2024-03-15,Retail Store,2,37,9,4
2024-03-15,Web,13,332,90,43
2024-03-16,Marketplace,8,153,32,16
2024-03-16,Mobile App,13,265,55,29
2024-03-16,Retail Store,1,23,5,3
2024-03-16,Web,15,299,56,35
2024-03-17,Marketplace,7,194,40,19
2024-03-17,Mobile App,8,152,41,23
2024-03-17,Retail Store,1,22,5,2
2024-03-17,Web,16,379,80,39
2024-03-18,Marketplace,5,139,32,15
2024-03-18,Mobile App,15,394,97,56
2024-03-18,Retail Store,2,44,9,5
2024-03-18,Web,14,292,53,33
2024-03-19,Marketplace,2,48,11,6
2024-03-19,Mobile App,11,201,52,26
2024-03-19,Retail Store,3,61,16,7
2024-03-19,Web,24,489,93,55
2024-03-20,Marketplace,2,48,9,4
2024-03-20,Mobile App,8,204,40,18
2024-03-20,Retail Store,1,25,4,1
2024-03-20,Web,6,126,22,10
2024-03-21,Marketplace,7,139,34,17
2024-03-21,Mobile App,5,132,34,18
2024-03-21,Retail Store,5,103,22,12
2024-03-21,Web,16,421,113,51
2024-03-22,Marketplace,8,186,51,28
2024-03-22,Mobile App,15,284,66,33
2024-03-22,Retail Store,2,40,7,4
2024-03-22,Web,18,329,64,37
2024-03-23,Marketplace,9,180,43,24
2024-03-23,Mobile App,6,122,28,14
2024-03-23,Retail Store,2,38,8,4
2024-03-23,Web,13,309,74,33
2024-03-24,Marketplace,8,151,37,21
2024-03-24,Mobile App,11,292,61,39
2024-03-24,Retail Store,3,73,17,10
2024-03-24,Web,30,573,158,83
2024-03-25,Marketplace,4,76,14,8
2024-03-25,Mobile App,17,435,78,42
2024-03-25,Retail Store,1,18,3,1
2024-03-25,Web,16,368,71,35
2024-03-26,Marketplace,11,303,83,49
2024-03-26,Mobile App,13,326,79,46
2024-03-26,Web,13,267,53,30
2024-03-27,Marketplace,4,99,26,15
2024-03-27,Mobile App,7,193,35,17
2024-03-27,Retail Store,3,55,11,6
2024-03-27,Web,18,405,81,52
2024-03-28,Marketplace,10,239,49,31
2024-03-28,Mobile App,9,201,52,27
2024-03-28,Retail Store,3,56,12,5
2024-03-28,Web,14,274,65,29
2024-03-29,Marketplace,9,230,57,28
2024-03-29,Mobile App,12,232,60,32
2024-03-29,Retail Store,1,23,5,2
2024-03-29,Web,17,467,90,46
2024-03-30,Marketplace,10,266,65,37
2024-03-30,Mobile App,15,374,93,50
2024-03-30,Retail Store,1,18,4,2
2024-03-30,Web,10,208,39,19
2024-03-31,Marketplace,6,147,37,20
2024-03-31,Mobile App,12,244,56,32
2024-03-31,Retail Store,2,48,9,5
2024-03-31,Web,18,399,79,49
2024-04-01,Marketplace,3,68,15,8
2024-04-01,Mobile App,13,250,50,27
2024-04-01,Retail Store,1,27,6,2
2024-04-01,Web,14,383,86,55
2024-04-02,Marketplace,10,248,53,29
2024-04-02,Mobile App,8,179,32,15
2024-04-02,Retail Store,2,49,10,5
2024-04-02,Web,14,343,87,43
2024-04-03,Marketplace,9,211,56,29
2024-04-03,Mobile App,16,348,79,50
2024-04-03,Retail Store,3,78,16,7
2024-04-03,Web,16,423,99,60
2024-04-04,Marketplace,6,120,25,11
2024-04-04,Mobile App,12,266,57,34
2024-04-04,Retail Store,2,36,6,3
2024-04-04,Web,15,356,87,47
2024-04-05,Marketplace,3,67,16,9
2024-04-05,Mobile App,9,224,56,32
2024-04-05,Web,17,307,68,38
2024-04-06,Marketplace,6,120,22,12
2024-04-06,Mobile App,8,205,45,28
2024-04-06,Web,20,437,92,57
2024-04-07,Marketplace,8,186,36,18
2024-04-07,Mobile App,11,243,61,38
2024-04-07,Web,22,407,109,49
2024-04-08,Marketplace,5,92,24,12
2024-04-08,Mobile App,12,331,90,54
2024-04-08,Retail Store,3,56,12,7
2024-04-08,Web,24,610,124,76
2024-04-09,Marketplace,5,97,25,12
2024-04-09,Mobile App,10,205,37,21
2024-04-09,Web,19,391,80,44
2024-04-10,Marketplace,6,138,37,23
2024-04-10,Mobile App,9,234,57,29
2024-04-10,Retail Store,1,24,6,3
2024-04-10,Web,24,530,134,79
2024-04-11,Marketplace,5,102,26,12
2024-04-11,Mobile App,10,223,47,25
2024-04-11,Retail Store,1,27,7,4
2024-04-11,Web,19,397,72,37
2024-04-12,Marketplace,6,117,24,13
2024-04-12,Mobile App,8,190,51,23
2024-04-12,Retail Store,1,19,4,2
2024-04-12,Web,20,451,89,52
2024-04-13,Marketplace,4,72,17,11
2024-04-13,Mobile App,14,257,56,27
2024-04-13,Retail Store,2,36,9,4
2024-04-13,Web,21,421,99,53
2024-04-14,Marketplace,8,185,33,14
2024-04-14,Mobile App,13,249,65,33
2024-04-14,Retail Store,1,26,6,3
2024-04-14,Web,20,465,109,61
2024-04-15,Marketplace,6,125,34,18
2024-04-15,Mobile App,11,202,42,26
2024-04-15,Retail Store,3,67,17,10
2024-04-15,Web,18,327,85,54
2024-04-16,Marketplace,6,147,37,19
2024-04-16,Mobile App,14,371,68,41
2024-04-16,Retail Store,1,19,4,2
2024-04-16,Web,16,308,74,38
2024-04-17,Marketplace,5,119,32,17
2024-04-17,Mobile App,13,296,78,45
2024-04-17,Retail Store,3,64,17,8
2024-04-17,Web,12,227,59,33
2024-04-18,Marketplace,6,144,31,19
2024-04-18,Mobile App,8,156,39,17
2024-04-18,Retail Store,1,22,5,2
2024-04-18,Web,11,259,65,37
2024-04-19,Marketplace,5,131,28,17
2024-04-19,Mobile App,12,323,72,44
2024-04-19,Retail Store,4,100,19,12
2024-04-19,Web,20,546,106,66
2024-04-20,Marketplace,5,132,27,12
2024-04-20,Mobile App,8,164,44,22
2024-04-20,Web,17,419,81,51
2024-04-21,Marketplace,9,245,49,25
2024-04-21,Mobile App,4,110,30,17
2024-04-21,Retail Store,1,21,5,2
2024-04-21,Web,15,287,72,36
2024-04-22,Marketplace,6,136,25,12
2024-04-22,Mobile App,7,187,44,22
2024-04-22,Retail Store,4,96,20,9
2024-04-22,Web,14,332,64,37
2024-04-23,Marketplace,12,222,48,27
2024-04-23,Mobile App,9,208,49,25
2024-04-23,Retail Store,2,48,12,6
2024-04-23,Web,15,323,60,31
2024-04-24,Marketplace,9,205,43,26
2024-04-24,Mobile App,11,210,56,26
2024-04-24,Retail Store,1,24,6,3
2024-04-24,Web,15,405,103,48
2024-04-25,Marketplace,9,202,48,30
2024-04-25,Mobile App,11,242,49,24
2024-04-25,Retail Store,1,19,5,3
2024-04-25,Web,5,103,28,12
2024-04-26,Marketplace,12,325,90,56
2024-04-26,Mobile App,9,247,61,27
2024-04-26,Retail Store,3,77,20,10
2024-04-26,Web,19,400,110,60
2024-04-27,Marketplace,8,170,41,26
2024-04-27,Mobile App,6,135,32,19
2024-04-27,Retail Store,3,73,17,10
2024-04-27,Web,7,170,39,20
2024-04-28,Marketplace,6,139,28,16
2024-04-28,Mobile App,5,92,20,10
2024-04-28,Retail Store,3,59,14,8
2024-04-28,Web,12,332,83,46
2024-04-29,Marketplace,8,217,48,30
2024-04-29,Mobile App,12,318,87,42
2024-04-29,Retail Store,3,63,11,5
2024-04-29,Web,9,211,53,26
2024-04-30,Marketplace,13,310,86,42
2024-04-30,Mobile App,10,232,62,32
2024-04-30,Web,18,340,63,39
2024-05-01,Marketplace,5,128,33,16
2024-05-01,Mobile App,14,342,92,42
2024-05-01,Retail Store,3,78,15,8
2024-05-01,Web,20,399,93,42
2024-05-02,Marketplace,7,150,33,16
2024-05-02,Mobile App,9,234,56,26
2024-05-02,Retail Store,2,36,9,5
2024-05-02,Web,20,423,110,67
2024-05-03,Marketplace,5,124,27,13
2024-05-03,Mobile App,11,208,40,21
2024-05-03,Web,13,340,63,32
2024-05-04,Marketplace,4,103,22,10
2024-05-04,Mobile App,17,319,68,31
2024-05-04,Retail Store,2,46,12,6
2024-05-04,Web,19,487,113,56
2024-05-05,Marketplace,8,198,36,18
2024-05-05,Mobile App,8,196,43,26
2024-05-05,Retail Store,1,18,4,2
2024-05-05,Web,23,624,148,78
2024-05-06,Marketplace,7,161,29,17
2024-05-06,Mobile App,10,255,55,33
2024-05-06,Retail Store,1,24,5,2
2024-05-06,Web,17,321,65,29
2024-05-07,Marketplace,9,241,53,25
2024-05-07,Mobile App,16,447,117,66
2024-05-07,Retail Store,4,75,16,8
2024-05-07,Web,13,257,71,42
2024-05-08,Marketplace,11,238,60,33
2024-05-08,Mobile App,7,161,33,17
2024-05-08,Retail Store,3,72,15,9
2024-05-08,Web,20,495,91,49
2024-05-09,Marketplace,9,212,38,21
2024-05-09,Mobile App,16,306,65,31
2024-05-09,Retail Store,2,47,11,5
2024-05-09,Web,15,328,60,32
2024-05-10,Marketplace,5,92,19,9
2024-05-10,Mobile App,8,159,35,21
2024-05-10,Web,15,329,81,40
2024-05-11,Marketplace,3,61,12,7
2024-05-11,Mobile App,10,259,64,31
2024-05-11,Retail Store,2,46,12,6
2024-05-11,Web,16,329,62,36
2024-05-12,Marketplace,10,208,57,28
2024-05-12,Mobile App,19,441,101,54
2024-05-12,Retail Store,3,64,17,8
2024-05-12,Web,19,464,127,77
2024-05-13,Marketplace,5,125,25,11
2024-05-13,Mobile App,13,278,74,34
2024-05-13,Web,16,389,93,53
2024-05-14,Marketplace,7,179,49,27
2024-05-14,Mobile App,8,150,39,20
2024-05-14,Retail Store,2,47,10,5
2024-05-14,Web,13,337,61,37
2024-05-15,Marketplace,5,126,28,15
2024-05-15,Mobile App,9,247,50,29
2024-05-15,Retail Store,4,80,15,9
2024-05-15,Web,18,406,92,54
2024-05-16,Marketplace,4,92,24,14
2024-05-16,Mobile App,16,312,75,35
2024-05-16,Retail Store,1,20,4,1
2024-05-16,Web,23,577,120,54
2024-05-17,Marketplace,3,78,17,9
2024-05-17,Mobile App,11,209,43,21
2024-05-17,Retail Store,3,61,12,6
2024-05-17,Web,16,403,96,49
2024-05-18,Marketplace,8,146,33,15
2024-05-18,Mobile App,6,127,31,19
2024-05-18,Retail Store,2,52,11,5
2024-05-18,Web,16,410,99,60
2024-05-19,Marketplace,3,65,17,9
2024-05-19,Mobile App,14,278,64,29
2024-05-19,Web,18,426,115,55
2024-05-20,Marketplace,5,105,20,10
2024-05-20,Mobile App,7,163,33,19
2024-05-20,Retail Store,2,39,9,4
2024-05-20,Web,14,279,77,46
2024-05-21,Marketplace,4,99,26,12
2024-05-21,Mobile App,5,119,30,19
2024-05-21,Retail Store,1,22,5,2
2024-05-21,Web,23,622,143,83
2024-05-22,Marketplace,11,246,63,30
2024-05-22,Mobile App,10,198,48,25
2024-05-22,Retail Store,2,52,11,6
2024-05-22,Web,17,467,86,51
2024-05-23,Marketplace,3,79,19,11
2024-05-23,Mobile App,10,256,68,42
2024-05-23,Retail Store,2,54,12,7
2024-05-23,Web,17,353,67,37
2024-05-24,Marketplace,5,97,21,10
2024-05-24,Mobile App,11,279,60,32
2024-05-24,Retail Store,3,79,19,11
2024-05-24,Web,17,473,121,73
2024-05-25,Marketplace,2,44,10,5
2024-05-25,Mobile App,10,214,47,21
2024-05-25,Retail Store,1,24,6,3
2024-05-25,Web,18,355,83,38
2024-05-26,Marketplace,10,180,37,19
2024-05-26,Mobile App,6,139,36,20
2024-05-26,Retail Store,3,73,15,7
2024-05-26,Web,14,322,85,41
2024-05-27,Marketplace,9,179,43,25
2024-05-27,Mobile App,13,316,58,31
2024-05-27,Retail Store,3,61,15,9
2024-05-27,Web,15,331,73,39
2024-05-28,Marketplace,7,147,28,17
2024-05-28,Mobile App,11,213,48,23
2024-05-28,Retail Store,2,52,12,6
2024-05-28,Web,13,313,81,37
2024-05-29,Marketplace,7,171,44,27
2024-05-29,Mobile App,8,221,47,23
2024-05-29,Retail Store,3,55,13,6
2024-05-29,Web,14,283,65,41
2024-05-30,Marketplace,4,80,22,13
2024-05-30,Mobile App,10,264,73,43
2024-05-30,Retail Store,1,24,5,2
2024-05-30,Web,14,307,57,30
2024-05-31,Marketplace,3,59,11,6
2024-05-31,Mobile App,7,184,38,22
2024-05-31,Retail Store,1,26,6,2
2024-05-31,Web,16,366,91,53
2024-06-01,Marketplace,3,81,21,12
2024-06-01,Mobile App,10,237,47,21
2024-06-01,Retail Store,5,116,30,17
2024-06-01,Web,16,324,61,38
2024-06-02,Marketplace,6,112,20,10
2024-06-02,Mobile App,12,272,70,41
2024-06-02,Web,16,374,79,39
2024-06-03,Marketplace,6,141,33,18
2024-06-03,Mobile App,7,179,48,28
2024-06-03,Retail Store,1,23,4,2
2024-06-03,Web,17,452,101,48
2024-06-04,Marketplace,4,78,16,9
2024-06-04,Mobile App,11,276,60,35
2024-06-04,Retail Store,1,22,5,3
2024-06-04,Web,18,485,125,79
2024-06-05,Marketplace,3,67,18,8
2024-06-05,Mobile App,9,228,46,26
2024-06-05,Retail Store,2,44,10,5
2024-06-05,Web,17,448,116,62
2024-06-06,Marketplace,4,101,28,15
2024-06-06,Mobile App,9,225,52,26
2024-06-06,Retail Store,1,22,5,2
2024-06-06,Web,16,291,77,47
2024-06-07,Marketplace,4,105,27,15
2024-06-07,Mobile App,11,265,62,29
2024-06-07,Web,16,384,74,34
2024-06-08,Marketplace,7,141,38,20
2024-06-08,Mobile App,11,231,49,22
2024-06-08,Retail Store,1,26,5,3
2024-06-08,Web,13,361,86,43
2024-06-09,Marketplace,7,147,28,15
2024-06-09,Mobile App,13,359,99,64
2024-06-09,Web,13,291,75,38
2024-06-10,Marketplace,6,112,22,13
2024-06-10,Mobile App,10,246,63,39
2024-06-10,Retail Store,1,21,5,2
2024-06-10,Web,15,273,50,25
2024-06-11,Marketplace,7,146,28,16
2024-06-11,Mobile App,8,157,31,14
2024-06-11,Retail Store,4,100,27,12
2024-06-11,Web,17,450,98,55
2024-06-12,Marketplace,3,81,20,9
2024-06-12,Mobile App,7,166,37,19
2024-06-12,Retail Store,1,21,4,2
2024-06-12,Web,10,232,61,28
2024-06-13,Marketplace,4,84,17,9
2024-06-13,Mobile App,10,223,42,19
2024-06-13,Retail Store,1,27,6,2
2024-06-13,Web,13,348,88,50
2024-06-14,Marketplace,7,149,35,19
2024-06-14,Mobile App,10,183,44,25
2024-06-14,Retail Store,1,20,4,2
2024-06-14,Web,17,430,99,51
2024-06-15,Marketplace,4,74,19,11
2024-06-15,Mobile App,8,176,34,17
2024-06-15,Web,9,198,37,21
2024-06-16,Marketplace,9,215,50,24
2024-06-16,Mobile App,4,90,22,13
2024-06-16,Retail Store,1,19,4,2
2024-06-16,Web,7,128,33,20
2024-06-17,Marketplace,3,63,16,7
2024-06-17,Mobile App,6,143,37,20
2024-06-17,Retail Store,2,54,10,4
2024-06-17,Web,9,223,59,31
2024-06-18,Marketplace,3,80,18,10
2024-06-18,Mobile App,6,122,28,13
2024-06-18,Retail Store,2,40,7,3
2024-06-18,Web,15,365,86,55
2024-06-19,Marketplace,7,130,33,16
2024-06-19,Mobile App,14,385,78,39
2024-06-19,Retail Store,1,26,6,3
2024-06-19,Web,10,239,46,27
2024-06-20,Marketplace,3,69,15,9
2024-06-20,Mobile App,8,174,39,23
2024-06-20,Retail Store,1,20,5,2
2024-06-20,Web,11,230,56,26
2024-06-21,Marketplace,8,180,40,20
2024-06-21,Mobile App,9,195,51,25
2024-06-21,Retail Store,3,69,18,9
2024-06-21,Web,11,234,58,30
2024-06-22,Marketplace,2,55,15,9
2024-06-22,Mobile App,8,168,42,24
2024-06-22,Web,10,206,53,31
2024-06-23,Marketplace,3,75,16,10
2024-06-23,Mobile App,9,170,43,24
2024-06-23,Retail Store,6,154,34,20
2024-06-23,Web,17,469,89,42
2024-06-24,Marketplace,9,198,39,18
2024-06-24,Mobile App,6,127,33,16
2024-06-24,Retail Store,4,100,20,11
2024-06-24,Web,10,203,40,20
2024-06-25,Marketplace,2,41,9,5
2024-06-25,Mobile App,7,194,47,22
2024-06-25,Retail Store,2,45,11,5
2024-06-25,Web,18,373,101,51
2024-06-26,Marketplace,8,162,29,15
2024-06-26,Mobile App,7,177,41,24
2024-06-26,Web,17,430,87,48
2024-06-27,Marketplace,6,116,24,11
2024-06-27,Mobile App,11,254,47,21
2024-06-27,Retail Store,1,27,6,3
2024-06-27,Web,11,274,75,39
2024-06-28,Marketplace,6,156,29,18
2024-06-28,Mobile App,9,213,40,20
2024-06-28,Retail Store,3,57,14,7
2024-06-28,Web,8,151,41,19
2024-06-29,Marketplace,3,73,16,8
2024-06-29,Mobile App,9,229,51,25
2024-06-29,Retail Store,3,79,21,12
2024-06-29,Web,8,204,43,20
2024-06-30,Marketplace,4,111,30,18
2024-06-30,Mobile App,8,169,35,20
2024-06-30,Retail Store,2,50,9,4
2024-06-30,Web,17,312,78,46
2024-07-01,Marketplace,5,98,26,15
2024-07-01,Mobile App,6,115,22,13
2024-07-01,Web,15,314,67,43
2024-07-02,Marketplace,8,180,33,19
2024-07-02,Mobile App,7,147,27,14
2024-07-02,Retail Store,3,73,14,6
2024-07-02,Web,15,276,52,30
2024-07-03,Marketplace,11,296,82,48
2024-07-03,Mobile App,6,160,30,16
2024-07-03,Retail Store,3,82,20,10
2024-07-03,Web,11,300,67,40
2024-07-04,Marketplace,7,194,53,26
2024-07-04,Mobile App,12,273,53,24
2024-07-04,Retail Store,3,81,16,8
2024-07-04,Web,14,290,57,34
2024-07-05,Marketplace,1,22,4,2
2024-07-05,Mobile App,11,213,48,23
2024-07-05,Web,13,327,81,44
2024-07-06,Marketplace,5,135,27,16
2024-07-06,Mobile App,7,173,42,22
2024-07-06,Retail Store,2,45,12,6
2024-07-06,Web,16,440,104,56
2024-07-07,Marketplace,8,158,36,20
2024-07-07,Mobile App,16,446,86,50
2024-07-07,Retail Store,1,19,3,1
2024-07-07,Web,13,279,62,32
2024-07-08,Marketplace,8,156,38,24
2024-07-08,Mobile App,11,256,55,27
2024-07-08,Retail Store,2,44,10,6
2024-07-08,Web,14,367,93,46
2024-07-09,Marketplace,8,194,38,18
2024-07-09,Mobile App,6,156,32,18
2024-07-09,Retail Store,2,39,8,4
2024-07-09,Web,7,148,37,23
2024-07-10,Marketplace,10,192,47,28
2024-07-10,Mobile App,7,139,37,18
2024-07-10,Retail Store,1,19,4,2
2024-07-10,Web,10,229,53,33
2024-07-11,Marketplace,5,115,22,9
2024-07-11,Mobile App,5,119,29,14
2024-07-11,Web,17,346,77,37
2024-07-12,Marketplace,6,146,37,22
2024-07-12,Mobile App,6,155,33,18
2024-07-12,Retail Store,2,49,12,5
2024-07-12,Web,12,245,58,29
2024-07-13,Marketplace,1,20,3,1
2024-07-13,Mobile App,11,231,60,30
2024-07-13,Retail Store,2,38,8,4
2024-07-13,Web,15,393,73,39
2024-07-14,Marketplace,5,137,33,16
2024-07-14,Mobile App,12,228,46,24
2024-07-14,Retail Store,3,65,16,7
2024-07-14,Web,10,260,63,37
2024-07-15,Marketplace,7,140,35,17
2024-07-15,Mobile App,16,357,96,43
2024-07-15,Retail Store,4,72,14,7
2024-07-15,Web,12,335,65,35
2024-07-16,Marketplace,2,42,10,5
2024-07-16,Mobile App,7,165,44,25
2024-07-16,Web,6,122,31,16
2024-07-17,Marketplace,8,160,28,16
2024-07-17,Mobile App,7,167,34,19
2024-07-17,Retail Store,1,23,6,2
2024-07-17,Web,7,182,50,26
2024-07-18,Marketplace,8,181,41,22
2024-07-18,Mobile App,8,153,35,20
2024-07-18,Retail Store,2,47,10,5
2024-07-18,Web,15,370,73,33
2024-07-19,Marketplace,2,36,7,3
2024-07-19,Mobile App,6,141,36,22
2024-07-19,Web,15,367,68,41
2024-07-20,Marketplace,3,66,16,7
2024-07-20,Mobile App,7,181,47,21
2024-07-20,Retail Store,1,20,5,2
2024-07-20,Web,13,251,69,36
2024-07-21,Marketplace,8,214,41,23
2024-07-21,Mobile App,10,204,56,35
2024-07-21,Retail Store,1,22,4,2
2024-07-21,Web,14,325,61,38
2024-07-22,Marketplace,8,176,41,19
2024-07-22,Mobile App,12,259,58,33
2024-07-22,Web,8,189,51,29
2024-07-23,Marketplace,9,236,61,39
2024-07-23,Mobile App,10,212,41,25
2024-07-23,Retail Store,1,22,5,3
2024-07-23,Web,10,239,65,34
2024-07-24,Marketplace,7,137,36,22
2024-07-24,Mobile App,13,320,83,39
2024-07-24,Retail Store,1,24,5,2
2024-07-24,Web,17,361,92,48
2024-07-25,Marketplace,7,160,38,22
2024-07-25,Mobile App,8,184,51,32
2024-07-25,Retail Store,1,18,3,1
2024-07-25,Web,11,198,46,26
2024-07-26,Marketplace,5,99,26,16
2024-07-26,Mobile App,11,304,73,37
2024-07-26,Web,9,207,56,30
2024-07-27,Marketplace,10,240,52,27
2024-07-27,Mobile App,5,98,24,12
2024-07-27,Retail Store,1,18,4,2
2024-07-27,Web,8,185,43,27
2024-07-28,Marketplace,8,145,29,14
2024-07-28,Mobile App,13,358,98,44
2024-07-28,Retail Store,1,25,5,2
2024-07-28,Web,19,485,104,62
2024-07-29,Marketplace,3,71,15,9
2024-07-29,Mobile App,9,225,60,38
2024-07-29,Retail Store,1,23,6,3
2024-07-29,Web,11,208,46,21
2024-07-30,Marketplace,2,48,10,4
2024-07-30,Mobile App,5,131,36,22
2024-07-30,Retail Store,1,23,4,1
2024-07-30,Web,15,380,76,43
2024-07-31,Marketplace,8,159,38,20
2024-07-31,Mobile App,7,178,35,17
2024-07-31,Retail Store,2,44,11,5
2024-07-31,Web,15,355,72,43
2024-08-01,Marketplace,5,100,20,10
2024-08-01,Mobile App,7,182,43,21
2024-08-01,Web,16,363,82,40
2024-08-02,Marketplace,7,150,36,18
2024-08-02,Mobile App,15,286,60,29
2024-08-02,Retail Store,1,27,6,2
2024-08-02,Web,18,337,61,35
2024-08-03,Marketplace,7,151,34,18
2024-08-03,Mobile App,8,159,39,24
2024-08-03,Web,10,251,58,32
2024-08-04,Marketplace,3,60,13,6
2024-08-04,Mobile App,9,218,45,29
2024-08-04,Retail Store,3,72,15,9
2024-08-04,Web,9,212,51,25
2024-08-05,Marketplace,7,135,25,12
2024-08-05,Mobile App,13,247,67,43
2024-08-05,Retail Store,2,47,8,3
2024-08-05,Web,10,224,45,27
2024-08-06,Marketplace,5,107,25,11
2024-08-06,Mobile App,9,181,47,29
2024-08-06,Retail Store,1,20,5,2
2024-08-06,Web,22,466,117,60
2024-08-07,Marketplace,4,93,23,10
2024-08-07,Mobile App,13,289,55,27
2024-08-07,Web,18,415,114,55
2024-08-08,Marketplace,9,195,47,21
2024-08-08,Mobile App,6,163,37,21
2024-08-08,Retail Store,1,18,4,2
2024-08-08,Web,9,169,33,15
2024-08-09,Marketplace,6,137,26,12
2024-08-09,Mobile App,6,127,32,15
2024-08-09,Web,19,486,129,72
2024-08-10,Marketplace,8,178,32,16
2024-08-10,Mobile App,14,302,54,29
2024-08-10,Retail Store,1,26,4,2
2024-08-10,Web,14,324,74,38
2024-08-11,Marketplace,5,137,36,17
2024-08-11,Mobile App,7,131,34,15
2024-08-11,Web,9,192,41,21
2024-08-12,Marketplace,6,122,24,13
2024-08-12,Mobile App,5,114,28,13
2024-08-12,Retail Store,1,19,4,2
2024-08-12,Web,18,496,89,55
2024-08-13,Marketplace,9,214,41,21
2024-08-13,Mobile App,15,271,71,40
2024-08-13,Retail Store,3,60,13,7
2024-08-13,Web,11,221,60,31
2024-08-14,Marketplace,6,109,21,10
2024-08-14,Mobile App,6,148,30,17
2024-08-14,Retail Store,1,18,4,2
2024-08-14,Web,13,304,75,46
2024-08-15,Marketplace,7,154,36,20
2024-08-15,Mobile App,6,112,22,9
2024-08-15,Retail Store,1,25,4,1
2024-08-15,Web,15,297,65,33
2024-08-16,Marketplace,1,26,6,3
2024-08-16,Mobile App,16,291,56,27
2024-08-16,Retail Store,1,26,5,3
2024-08-16,Web,10,189,49,23
2024-08-17,Marketplace,8,215,50,28
2024-08-17,Mobile App,15,313,60,35
2024-08-17,Retail Store,2,53,14,7
2024-08-17,Web,11,228,44,25
2024-08-18,Marketplace,9,245,55,33
2024-08-18,Mobile App,8,181,49,23
2024-08-18,Retail Store,2,41,7,3
2024-08-18,Web,17,318,69,36
2024-08-19,Marketplace,4,88,21,12
2024-08-19,Mobile App,14,295,53,30
2024-08-19,Retail Store,4,85,21,9
2024-08-19,Web,20,557,119,73
2024-08-20,Marketplace,5,97,18,8
2024-08-20,Mobile App,8,173,41,24
2024-08-20,Retail Store,4,77,15,7
2024-08-20,Web,7,185,36,17
2024-08-21,Marketplace,2,40,10,6
2024-08-21,Mobile App,4,105,23,12
2024-08-21,Retail Store,4,78,20,11
2024-08-21,Web,15,381,101,59
2024-08-22,Marketplace,10,251,50,22
2024-08-22,Mobile App,8,166,45,29
2024-08-22,Web,15,386,93,43
2024-08-23,Marketplace,9,244,54,32
2024-08-23,Mobile App,4,74,20,11
2024-08-23,Web,10,187,34,17
2024-08-24,Marketplace,13,307,66,42
2024-08-24,Mobile App,9,168,30,14
2024-08-24,Web,7,135,36,21
2024-08-25,Marketplace,4,89,24,10
2024-08-25,Mobile App,7,159,40,21
2024-08-25,Web,10,262,57,34
2024-08-26,Marketplace,7,132,34,21
2024-08-26,Mobile App,12,285,69,43
2024-08-26,Retail Store,1,19,4,2
2024-08-26,Web,15,311,72,33
2024-08-27,Marketplace,3,77,15,6
2024-08-27,Mobile App,6,150,40,20
2024-08-27,Retail Store,4,86,16,8
2024-08-27,Web,13,357,90,45
2024-08-28,Marketplace,7,151,37,16
2024-08-28,Mobile App,12,279,54,29
2024-08-28,Retail Store,1,26,5,2
2024-08-28,Web,14,327,70,37
2024-08-29,Marketplace,5,101,27,12
2024-08-29,Mobile App,7,128,27,12
2024-08-29,Retail Store,1,22,4,2
2024-08-29,Web,14,284,56,33
2024-08-30,Marketplace,7,126,29,16
2024-08-30,Mobile App,7,166,41,22
2024-08-30,Web,17,331,68,44
2024-08-31,Marketplace,7,168,44,27
2024-08-31,Mobile App,5,134,30,16
2024-08-31,Web,13,265,53,26
2024-09-01,Marketplace,10,276,57,33
2024-09-01,Mobile App,8,171,33,20
2024-09-01,Web,14,255,62,29
2024-09-02,Marketplace,7,151,41,18
2024-09-02,Mobile App,13,328,90,42
2024-09-02,Retail Store,1,21,4,2
2024-09-02,Web,16,323,79,43
2024-09-03,Marketplace,8,159,42,26
2024-09-03,Mobile App,13,260,59,37
2024-09-03,Web,14,362,70,37
2024-09-04,Marketplace,7,137,37,17
2024-09-04,Mobile App,10,244,53,27
2024-09-04,Retail Store,4,95,19,11
2024-09-04,Web,17,404,79,39
2024-09-05,Marketplace,6,144,39,17
2024-09-05,Mobile App,7,143,35,17
2024-09-05,Retail Store,3,69,14,8
2024-09-05,Web,22,441,112,65
2024-09-06,Marketplace,3,57,14,7
2024-09-06,Mobile App,3,75,20,10
2024-09-06,Retail Store,1,22,4,2
2024-09-06,Web,17,390,85,44
2024-09-07,Marketplace,3,54,9,4
2024-09-07,Mobile App,13,345,72,34
2024-09-07,Retail Store,1,18,3,1
2024-09-07,Web,14,278,58,29
2024-09-08,Marketplace,7,169,37,21
2024-09-08,Mobile App,10,225,55,27
2024-09-08,Retail Store,4,92,22,12
2024-09-08,Web,13,334,74,44
2024-09-09,Marketplace,6,141,30,13
2024-09-09,Mobile App,9,215,44,22
2024-09-09,Retail Store,2,51,9,5
2024-09-09,Web,21,557,134,77
2024-09-10,Marketplace,14,361,95,43
2024-09-10,Mobile App,9,174,42,22
2024-09-10,Retail Store,2,41,11,5
2024-09-10,Web,13,291,70,37
2024-09-11,Marketplace,5,136,28,16
2024-09-11,Mobile App,11,240,66,34
2024-09-11,Retail Store,2,40,7,3
2024-09-11,Web,12,334,87,39
2024-09-12,Marketplace,7,184,44,26
2024-09-12,Mobile App,8,197,49,22
2024-09-12,Retail Store,3,61,12,7
2024-09-12,Web,16,406,106,53
2024-09-13,Marketplace,8,215,42,26
2024-09-13,Mobile App,4,109,29,15
2024-09-13,Web,17,429,105,57
2024-09-14,Marketplace,9,213,58,28
2024-09-14,Mobile App,10,278,65,37
2024-09-14,Retail Store,1,25,4,2
2024-09-14,Web,10,208,42,21
2024-09-15,Marketplace,6,159,36,22
2024-09-15,Mobile App,5,128,30,13
2024-09-15,Retail Store,1,25,6,2
2024-09-15,Web,12,292,78,41
2024-09-16,Marketplace,4,109,27,13
2024-09-16,Mobile App,12,267,53,31
2024-09-16,Retail Store,2,52,9,4
2024-09-16,Web,23,621,139,78
2024-09-17,Marketplace,6,147,27,13
2024-09-17,Mobile App,9,182,43,23
2024-09-17,Retail Store,2,53,14,7
2024-09-17,Web,12,324,75,41
2024-09-18,Marketplace,6,149,32,15
2024-09-18,Mobile App,12,334,82,47
2024-09-18,Retail Store,5,107,26,15
2024-09-18,Web,15,325,86,44
2024-09-19,Marketplace,7,194,39,23
2024-09-19,Mobile App,15,409,91,46
2024-09-19,Retail Store,2,44,9,5
2024-09-19,Web,15,282,61,34
2024-09-20,Marketplace,5,92,18,9
2024-09-20,Mobile App,8,157,40,19
2024-09-20,Retail Store,1,19,3,1
2024-09-20,Web,14,347,82,37
2024-09-21,Marketplace,2,37,7,3
2024-09-21,Mobile App,11,285,52,26
2024-09-21,Web,13,245,50,24
2024-09-22,Marketplace,8,169,33,15
2024-09-22,Mobile App,15,321,58,35
2024-09-22,Retail Store,3,62,16,10
2024-09-22,Web,25,619,112,62
2024-09-23,Marketplace,6,142,25,13
2024-09-23,Mobile App,6,135,29,18
2024-09-23,Retail Store,4,79,17,8
2024-09-23,Web,7,154,42,27
2024-09-24,Marketplace,7,177,42,25
2024-09-24,Mobile App,11,261,51,24
2024-09-24,Retail Store,3,55,13,7
2024-09-24,Web,16,444,96,61
2024-09-25,Marketplace,5,94,20,10
2024-09-25,Mobile App,13,234,51,26
2024-09-25,Retail Store,1,19,5,2
2024-09-25,Web,19,519,131,63
2024-09-26,Marketplace,2,44,8,4
2024-09-26,Mobile App,12,293,60,35
2024-09-26,Retail Store,2,40,7,3
2024-09-26,Web,11,247,61,34
2024-09-27,Marketplace,9,217,50,30
2024-09-27,Mobile App,8,219,59,29
2024-09-27,Retail Store,1,21,4,2
2024-09-27,Web,19,414,111,67
2024-09-28,Marketplace,8,151,29,18
2024-09-28,Mobile App,11,285,52,32
2024-09-28,Retail Store,2,55,10,5
2024-09-28,Web,19,342,91,41
2024-09-29,Marketplace,8,210,58,35
2024-09-29,Mobile App,12,238,52,33
2024-09-29,Web,9,246,49,22
2024-09-30,Marketplace,7,165,36,19
2024-09-30,Mobile App,7,185,43,20
2024-09-30,Retail Store,2,48,10,6
2024-09-30,Web,15,374,87,42
2024-10-01,Marketplace,7,189,47,25
2024-10-01,Mobile App,9,185,45,25
2024-10-01,Retail Store,2,46,10,6
2024-10-01,Web,12,322,66,41
2024-10-02,Marketplace,14,358,72,38
2024-10-02,Mobile App,12,226,51,28
2024-10-02,Web,14,283,76,35
2024-10-03,Marketplace,6,146,29,13
2024-10-03,Mobile App,8,158,43,20
2024-10-03,Retail Store,4,82,21,12
2024-10-03,Web,19,394,91,57
2024-10-04,Marketplace,8,160,39,22
2024-10-04,Mobile App,11,274,59,31
2024-10-04,Retail Store,2,41,8,4
2024-10-04,Web,11,291,69,44
2024-10-05,Marketplace,8,223,49,27
2024-10-05,Mobile App,16,349,89,52
2024-10-05,Retail Store,1,26,5,2
2024-10-05,Web,9,207,48,22
2024-10-06,Marketplace,6,147,33,20
2024-10-06,Mobile App,9,247,46,24
2024-10-06,Retail Store,2,47,11,5
2024-10-06,Web,11,306,77,38
2024-10-07,Marketplace,6,122,22,9
2024-10-07,Mobile App,7,194,42,19
2024-10-07,Retail Store,1,19,3,1
2024-10-07,Web,20,542,115,66
2024-10-08,Marketplace,12,299,61,27
2024-10-08,Mobile App,13,354,74,39
2024-10-08,Retail Store,3,76,15,8
2024-10-08,Web,13,273,61,38
2024-10-09,Marketplace,8,157,43,21
2024-10-09,Mobile App,3,83,21,10
2024-10-09,Web,16,405,82,48
2024-10-10,Marketplace,12,318,68,40
2024-10-10,Mobile App,9,216,60,32
2024-10-10,Retail Store,3,54,14,6
2024-10-10,Web,19,510,102,58
2024-10-11,Marketplace,4,99,22,13
2024-10-11,Mobile App,10,267,61,27
2024-10-11,Web,18,378,92,58
2024-10-12,Marketplace,8,179,41,21
2024-10-12,Mobile App,7,186,36,19
2024-10-12,Retail Store,3,79,21,9
2024-10-12,Web,15,388,81,47
2024-10-13,Marketplace,6,131,27,17
2024-10-13,Mobile App,7,181,42,20
2024-10-13,Retail Store,3,68,12,5
2024-10-13,Web,25,471,108,56
2024-10-14,Marketplace,16,347,80,51
2024-10-14,Mobile App,10,247,56,34
2024-10-14,Retail Store,3,75,16,7
2024-10-14,Web,14,324,86,51
2024-10-15,Marketplace,10,268,59,27
2024-10-15,Mobile App,9,209,45,21
2024-10-15,Retail Store,2,52,13,6
2024-10-15,Web,12,326,82,50
2024-10-16,Marketplace,4,79,16,7
2024-10-16,Mobile App,7,136,31,14
2024-10-16,Retail Store,1,26,5,3
2024-10-16,Web,14,317,74,33
2024-10-17,Marketplace,4,76,14,8
2024-10-17,Mobile App,10,181,47,27
2024-10-17,Retail Store,3,73,15,8
2024-10-17,Web,12,302,56,30
2024-10-18,Marketplace,4,73,13,6
2024-10-18,Mobile App,13,349,88,51
2024-10-18,Retail Store,1,25,5,2
2024-10-18,Web,12,298,75,38
2024-10-19,Marketplace,8,211,53,28
2024-10-19,Mobile App,5,137,25,14
2024-10-19,Retail Store,1,27,6,2
2024-10-19,Web,15,388,105,67
2024-10-20,Marketplace,10,201,52,33
2024-10-20,Mobile App,15,409,86,45
2024-10-20,Retail Store,3,65,15,8
2024-10-20,Web,14,315,71,39
2024-10-21,Marketplace,6,111,29,15
2024-10-21,Mobile App,9,225,61,29
2024-10-21,Retail Store,1,19,4,1
2024-10-21,Web,15,410,89,47
2024-10-22,Marketplace,4,85,18,9
2024-10-22,Mobile App,9,207,43,25
2024-10-22,Retail Store,2,51,10,4
2024-10-22,Web,11,243,54,33
2024-10-23,Marketplace,10,181,33,16
2024-10-23,Mobile App,10,206,46,21
2024-10-23,Retail Store,1,22,4,2
2024-10-23,Web,12,309,63,39
2024-10-24,Marketplace,7,171,45,24
2024-10-24,Mobile App,11,272,62,32
2024-10-24,Retail Store,1,18,4,1
2024-10-24,Web,13,358,91,41
2024-10-25,Marketplace,9,169,36,17
2024-10-25,Mobile App,7,158,30,15
2024-10-25,Retail Store,2,38,7,4
2024-10-25,Web,15,304,66,35
2024-10-26,Marketplace,5,102,22,10
2024-10-26,Mobile App,9,162,31,19
2024-10-26,Retail Store,2,48,12,6
2024-10-26,Web,7,163,43,25
2024-10-27,Marketplace,2,45,8,4
2024-10-27,Mobile App,7,157,35,17
2024-10-27,Retail Store,2,52,10,4
2024-10-27,Web,17,357,71,33
2024-10-28,Marketplace,7,138,38,23
2024-10-28,Mobile App,10,263,52,26
2024-10-28,Retail Store,1,26,5,2
2024-10-28,Web,12,306,79,49
2024-10-29,Marketplace,5,96,17,8
2024-10-29,Mobile App,12,223,54,27
2024-10-29,Retail Store,2,47,11,6
2024-10-29,Web,12,239,62,31
2024-10-30,Marketplace,6,148,32,18
2024-10-30,Mobile App,6,156,37,22
2024-10-30,Retail Store,1,19,4,2
2024-10-30,Web,14,315,77,34
2024-10-31,Marketplace,5,118,28,14
2024-10-31,Mobile App,9,201,51,31
2024-10-31,Retail Store,4,109,20,12
2024-10-31,Web,13,356,67,43
2024-11-01,Marketplace,9,237,49,25
2024-11-01,Mobile App,12,223,58,36
2024-11-01,Retail Store,3,82,16,7
2024-11-01,Web,36,922,166,98
2024-11-02,Marketplace,8,198,43,23
2024-11-02,Mobile App,12,263,51,32
2024-11-02,Retail Store,5,139,25,14
2024-11-02,Web,33,625,150,93
2024-11-03,Marketplace,14,380,80,51
2024-11-03,Mobile App,26,711,155,97
2024-11-03,Retail Store,2,47,9,4
2024-11-03,Web,29,720,181,86
2024-11-04,Marketplace,5,102,24,11
2024-11-04,Mobile App,10,188,40,23
2024-11-04,Retail Store,4,84,22,11
2024-11-04,Web,24,630,127,65
2024-11-05,Marketplace,6,128,28,14
2024-11-05,Mobile App,14,353,82,47
2024-11-05,Retail Store,1,18,4,2
2024-11-05,Web,25,668,146,77
2024-11-06,Marketplace,13,336,83,40
2024-11-06,Mobile App,18,427,90,42
2024-11-06,Retail Store,3,70,12,6
2024-11-06,Web,22,580,128,77
2024-11-07,Marketplace,13,247,52,23
2024-11-07,Mobile App,19,416,113,63
2024-11-07,Retail Store,4,109,25,14
2024-11-07,Web,18,383,74,45
2024-11-08,Marketplace,5,135,31,15
2024-11-08,Mobile App,19,405,94,45
2024-11-08,Retail Store,1,25,6,2
2024-11-08,Web,31,843,230,141
2024-11-09,Marketplace,14,260,63,32
2024-11-09,Mobile App,21,466,109,56
2024-11-09,Web,28,520,129,82
2024-11-10,Marketplace,8,165,39,25
2024-11-10,Mobile App,10,272,53,28
2024-11-10,Retail Store,2,49,13,6
2024-11-10,Web,31,732,204,97
2024-11-11,Marketplace,8,185,48,26
2024-11-11,Mobile App,22,535,100,52
2024-11-11,Retail Store,3,79,17,7
2024-11-11,Web,22,579,151,88
2024-11-12,Marketplace,13,358,84,40
2024-11-12,Mobile App,13,255,49,27
2024-11-12,Retail Store,2,37,6,3
2024-11-12,Web,29,749,161,83
2024-11-13,Marketplace,13,361,73,33
2024-11-13,Mobile App,17,317,58,37
2024-11-13,Retail Store,7,150,36,21
2024-11-13,Web,27,558,139,64
2024-11-14,Marketplace,12,235,60,37
2024-11-14,Mobile App,25,511,115,54
2024-11-14,Web,25,474,132,67
2024-11-15,Marketplace,13,334,90,57
2024-11-15,Mobile App,13,357,88,51
2024-11-15,Retail Store,1,18,3,1
2024-11-15,Web,17,433,111,60
2024-11-16,Marketplace,10,240,47,27
2024-11-16,Mobile App,12,265,52,29
2024-11-16,Retail Store,3,64,16,8
2024-11-16,Web,20,499,124,69
2024-11-17,Marketplace,12,222,46,23
2024-11-17,Mobile App,18,335,71,36
2024-11-17,Retail Store,3,75,16,7
2024-11-17,Web,23,580,153,77
2024-11-18,Marketplace,14,275,50,29
2024-11-18,Mobile App,16,349,85,54
2024-11-18,Retail Store,3,77,16,8
2024-11-18,Web,17,314,58,26
2024-11-19,Marketplace,7,155,31,17
2024-11-19,Mobile App,15,345,77,49
2024-11-19,Retail Store,6,148,26,16
2024-11-19,Web,26,631,129,80
2024-11-20,Marketplace,15,287,80,48
2024-11-20,Mobile App,19,439,103,51
2024-11-20,Retail Store,2,53,10,6
2024-11-20,Web,28,705,177,102
2024-11-21,Marketplace,14,291,75,43
2024-11-21,Mobile App,11,224,51,27
2024-11-21,Retail Store,5,121,29,15
2024-11-21,Web,13,287,65,31
2024-11-22,Marketplace,12,236,48,27
2024-11-22,Mobile App,21,378,101,47
2024-11-22,Retail Store,2,53,9,5
2024-11-22,Web,26,687,185,105
2024-11-23,Marketplace,12,320,84,39
2024-11-23,Mobile App,22,507,91,51
2024-11-23,Retail Store,6,119,28,17
2024-11-23,Web,23,527,140,65
2024-11-24,Marketplace,13,289,67,42
2024-11-24,Mobile App,11,270,69,39
2024-11-24,Retail Store,2,55,13,7
2024-11-24,Web,27,542,100,53
2024-11-25,Marketplace,4,101,20,11
2024-11-25,Mobile App,12,271,69,33
2024-11-25,Retail Store,4,103,21,12
2024-11-25,Web,29,567,148,88
2024-11-26,Marketplace,11,246,48,23
2024-11-26,Mobile App,16,341,76,47
2024-11-26,Retail Store,4,89,17,10
2024-11-26,Web,30,814,157,73
2024-11-27,Marketplace,7,164,40,19
2024-11-27,Mobile App,19,446,104,55
2024-11-27,Retail Store,4,74,17,8
2024-11-27,Web,39,891,212,97
2024-11-28,Marketplace,13,322,84,53
2024-11-28,Mobile App,13,274,68,38
2024-11-28,Retail Store,1,27,5,2
2024-11-28,Web,18,471,113,63
2024-11-29,Marketplace,12,333,63,29
2024-11-29,Mobile App,17,366,88,50
2024-11-29,Retail Store,6,139,28,13
2024-11-29,Web,28,679,129,67
2024-11-30,Marketplace,19,420,96,57
2024-11-30,Mobile App,8,162,39,23
2024-11-30,Retail Store,1,21,5,3
2024-11-30,Web,21,513,94,46
2024-12-01,Marketplace,8,157,38,20
2024-12-01,Mobile App,14,285,70,41
2024-12-01,Retail Store,7,175,41,24
2024-12-01,Web,22,422,97,59
2024-12-02,Marketplace,15,279,50,30
2024-12-02,Mobile App,22,495,128,64
2024-12-02,Retail Store,5,117,27,17
2024-12-02,Web,33,695,155,71
2024-12-03,Marketplace,4,79,19,10
2024-12-03,Mobile App,18,457,114,55
2024-12-03,Retail Store,2,52,10,5
2024-12-03,Web,24,662,176,103
2024-12-04,Marketplace,13,286,60,29
2024-12-04,Mobile App,19,360,84,52
2024-12-04,Retail Store,4,101,28,13
2024-12-04,Web,26,722,133,78
2024-12-05,Marketplace,13,270,56,31
2024-12-05,Mobile App,19,393,97,45
2024-12-05,Retail Store,2,39,9,4
2024-12-05,Web,24,439,82,53
2024-12-06,Marketplace,15,397,103,49
2024-12-06,Mobile App,17,408,93,49
2024-12-06,Retail Store,6,109,23,13
2024-12-06,Web,21,416,88,48
2024-12-07,Marketplace,14,266,68,32
2024-12-07,Mobile App,24,472,109,56
2024-12-07,Retail Store,7,135,34,18
2024-12-07,Web,35,751,185,87
2024-12-08,Marketplace,17,424,80,42
2024-12-08,Mobile App,10,206,37,21
2024-12-08,Retail Store,3,65,14,6
2024-12-08,Web,20,384,106,49
2024-12-09,Marketplace,10,188,37,21
2024-12-09,Mobile App,13,284,55,27
2024-12-09,Retail Store,2,45,9,4
2024-12-09,Web,25,632,159,79
2024-12-10,Marketplace,9,177,43,27
2024-12-10,Mobile App,15,322,83,42
2024-12-10,Retail Store,4,94,17,9
2024-12-10,Web,18,455,121,60
2024-12-11,Marketplace,8,204,45,24
2024-12-11,Mobile App,12,315,70,44
2024-12-11,Retail Store,1,26,6,2
2024-12-11,Web,21,494,135,78
2024-12-12,Marketplace,11,204,37,19
2024-12-12,Mobile App,12,281,57,30
2024-12-12,Retail Store,2,37,6,3
2024-12-12,Web,24,589,113,62
2024-12-13,Marketplace,10,202,43,27
2024-12-13,Mobile App,23,517,98,61
2024-12-13,Retail Store,4,94,18,8
2024-12-13,Web,15,404,102,49
2024-12-14,Marketplace,12,218,57,26
2024-12-14,Mobile App,18,370,78,36
2024-12-14,Retail Store,3,57,12,5
2024-12-14,Web,15,376,73,41
2024-12-15,Marketplace,15,347,70,38
2024-12-15,Mobile App,34,735,157,92
2024-12-15,Retail Store,1,19,3,1
2024-12-15,Web,20,520,130,76
2024-12-16,Marketplace,12,301,83,49
2024-12-16,Mobile App,18,346,93,43
2024-12-16,Retail Store,1,22,4,2
2024-12-16,Web,21,545,152,87
2024-12-17,Marketplace,12,224,40,24
2024-12-17,Mobile App,21,513,96,53
2024-12-17,Retail Store,1,24,6,3
2024-12-17,Web,25,566,145,65
2024-12-18,Marketplace,6,140,38,21
2024-12-18,Mobile App,7,193,36,18
2024-12-18,Retail Store,1,27,7,3
2024-12-18,Web,30,645,173,99
2024-12-19,Marketplace,7,154,42,26
2024-12-19,Mobile App,14,257,68,43
2024-12-19,Retail Store,4,84,15,9
2024-12-19,Web,33,676,159,81
2024-12-20,Marketplace,10,278,53,28
2024-12-20,Mobile App,12,316,71,34
2024-12-20,Retail Store,4,84,16,8
2024-12-20,Web,25,530,115,66
2024-12-21,Marketplace,12,295,79,44
2024-12-21,Mobile App,15,343,72,44
2024-12-21,Retail Store,1,27,5,2
2024-12-21,Web,29,526,121,55
2024-12-22,Marketplace,9,227,49,28
2024-12-22,Mobile App,14,337,93,44
2024-12-22,Retail Store,2,47,11,6
2024-12-22,Web,30,793,192,119
2024-12-23,Marketplace,10,262,53,29
2024-12-23,Mobile App,11,221,44,20
2024-12-23,Retail Store,4,104,18,10
2024-12-23,Web,33,743,194,88
2024-12-24,Marketplace,14,283,51,26
2024-12-24,Mobile App,20,554,140,65
2024-12-24,Web,27,627,145,80
2024-12-25,Marketplace,6,143,27,17
2024-12-25,Mobile App,21,577,119,59
2024-12-25,Retail Store,6,149,29,15
2024-12-25,Web,30,630,152,81
2024-12-26,Marketplace,9,179,43,25
2024-12-26,Mobile App,24,651,123,61
2024-12-26,Retail Store,2,43,8,4
2024-12-26,Web,22,513,103,59
2024-12-27,Marketplace,10,231,61,30
2024-12-27,Mobile App,18,408,111,56
2024-12-27,Retail Store,3,74,14,8
2024-12-27,Web,24,509,130,71
2024-12-28,Marketplace,13,251,46,28
2024-12-28,Mobile App,17,324,68,39
2024-12-28,Retail Store,5,124,26,11
2024-12-28,Web,25,684,176,81
2024-12-29,Marketplace,9,174,34,17
2024-12-29,Mobile App,16,307,82,46
2024-12-29,Retail Store,1,20,5,2
2024-12-29,Web,28,609,161,76
2024-12-30,Marketplace,10,261,69,33
2024-12-30,Mobile App,20,505,115,71
2024-12-30,Retail Store,1,22,4,1
2024-12-30,Web,26,601,165,87
